Unnamed: 0,Text,tokens,sent_score,word_count,sent_index
0,서울 되련님들도 뭣같고 오세이돈도 뭣같고 지옥런한 새끼도 뭣같고 산불 안보러간다고 욕을 욕을 했으면서 멀쩡한 컨트롤타워 버리고 침수도 안 된 지 집에서 궁댕이 뭉개고 있던 새끼도 뭣같음,서울 되련 뭣같 이돈 뭣같 지옥런 새끼 뭣같 산불 보러 간다 했으면서 멀쩡한 컨트롤 타워 버리고 침수 궁댕 뭉개 있던 새끼 뭣같음,-4,103,-0.038834951456310676
1,지겹게 이어지던 산불  기억속에 가득하다,지겹게 이어지던 산불 가득하다,0,22,0.0
2,s    이번주 뉴스만 해도   파키스탄 지난  주간 폭우로    명 사망   미국 켄터키주 폭우로   명 사망   이란 폭우로   명 사망   미국 북서부 산불 계속 번지는중   작년에   도를 찍고 전소한 캐나다 리튼시 올해도   도,이번 뉴스 해도 파키스탄 지난 주간 폭우 사망 미국 켄터키주 폭우 사망 이란 폭우 사망 미국 서부 산불 계속 번지 작년 도를 찍고 전소 캐나다 튼시 올해,-4,132,-0.030303030303030304
3,s            이상 이천화재로 사람죽어갈때 경기도지사랑 떡볶이먹방찍고계셨던 분의 말씀이셨습니다     s,이상 화재 사람 죽어 도지사 떡볶이 먹방 찍고계셨던 말씀 셨습,-2,63,-0.031746031746031744
4,재난에 닥치니 진짜 문재인대통령  이낙연 총리님시절이 그리워죽겠음 그때 산불났을 때 어떻게 했냐 다른거도 비슷함  총리님 상황실에서 정리된 브리핑 하심 노란잠바입고 앉으셔서 산림청 소방청 강원도에 있는 관계기관들 짚으며 현재,재난 닥치니 진짜 문재인 대통령 이낙연 총리 시절 그리워 죽겠음 그때 산불 났을 어떻게 했냐 다른 거도 비슷함 총리 상황 정리 브리핑 노란 잠바 입고 앉으셔서 산림청 소방청 강원도 있는 관계 기관 짚으며 현재,1,125,0.008
5,너희들의 메시아인 이재명이 대통령이었으면 달랐을까  재난 상황마다 꼴값을 떨었던 이재명이  판교 환풍구 사고 때 이재명이 어떻게 행동했나 알아봐  쿠팡화재 때문에 소방관이 죽어갈 때 뭐 했는지도 알아보고  코로나,너희 메시아 이재명 대통령 이었으면 달랐을까 재난 상황 꼴값 떨었던 이재명 판교 풍구 사고 이재명 어떻게 행동 했나 알아봐 쿠팡 화재 때문 소방관 죽어 했는지도 알아보고 코로나,-2,118,-0.01694915254237288
6,윤석열이  머  라고  했더  라       밤   시  울진 산불  이재민 찾아     있더라도 헬기라도 타고 와야죠    다음 뉴스     s,윤석열 울진 산불 재민 찾아 있더라도 헬기 타고 와야죠 다음 뉴스,0,81,0.0
7,s       년 속초 산불 때 속초시장이 전날 제주도여행을 떠났다가 당일 밤비행기가 없어 다음날 첫비행기로 부랴부랴 올라온 것조차  바람직하지 않은 처신 이라고 비난했던 언론을 기억한다  그런데 서울 한복판 물난리에 밍기적대면서,속초 산불 속초시 전날 제주도 여행 떠났다가 당일 비행기 없어 다음 비행기 부랴부랴 올라온 바람직하지 않은 처신 비난 했던 언론 기억 그런데 서울 복판 물난리 기적 대면,0,128,0.0
8,s             윤석열 폭우 출근 못함 비난하면서   이재명 쿠팡 화재 먹방은 모른척  이낙연 산불 재해 막은 것  아프리카돼지열병 막은 것은 무시,윤석열 폭우 출근 비난 하면서 이재명 쿠팡 화재 먹방 모른 이낙연 산불 재해 막은 아프리카 돼지 열병 막은 무시,-6,87,-0.06896551724137931
9,s    미드 뉴스룸에서  년전에 나온 장면  지금 탄소예산은    기가톤정도 남았고  대기중 이산화탄소 농도는         여기서 말하는 대량이민  산불  폭풍  식량난  식수부족  역병같은  포스트아포칼립스 세계 는 이미 맛보고있네,미드 뉴스룸 년전 나온 장면 지금 탄소 예산 기가톤 정도 남았고 대기 이산화탄소 농도 여기 하는 대량 이민 산불 폭풍 식량난 식수 부족 역병 같은 포스트 아포칼립스 세계 맛보고있네,-3,132,-0.022727272727272728
10,물난리나니까 찢빠새끼들이 슬슬 이재명이었으면 어쩌고 하면서 드릉대는 거 같은데 이재명 저 호로새끼 쿠팡화재때 떡볶이 쳐먹던 거는 말할 것도 없고     추석에 코로나 아웃브레이크 시작되고 그 다음      여름 폭우도 있었는,물난리 새끼 슬슬 이재명 이었으면 어쩌 하면서 드릉대 같은데 이재명 호로 새끼 쿠팡 화재 떡볶이 먹던 없고 추석 코로나 아웃브레이크 시작 되고 다음 여름 폭우 있었는,-2,125,-0.016
11,쿠팡 대형 화재때 깔깔 웃으면서 떡볶이 먹방 하는거 생생하게 봤는데 어딜 올려쳐,쿠팡 대형 화재 깔깔 웃으면서 떡볶이 먹방 하는거 생생하게 봤는데 올려,-2,44,-0.045454545454545456
12,울 엄니도   년차 공무원이신데 재난 상황에는 늘 비상근무라 집에 없었음  여기는 비가 안 와서 현재 침수피해는 없지만 눈이 조금이라도 많이 오거나 산불이 난다거나 하면 비상근무로 새벽 퇴근 또는 밤 새고 그 담날 아,엄니 년차 공무원 재난 상황 비상 근무 없었음 여기는 와서 현재 침수 피해 없지만 조금 오거 산불 난다거나 하면 비상 근무 새벽 퇴근 새고 담날,-2,121,-0.01652892561983471
13,s     이재명은 대통령 추첨 기간 동안 삼척 울진 산불 났을 때도 지 방문 시간 주작질 하던 위인인데 ㅋㅋ,이재명 대통령 추첨 기간 동안 삼척 울진 산불 났을 방문 시간 주작 하던 위인,0,61,0.0
14,이낙연 총리시절  강원도 산불저지를 위해 전국서 모여드는 소방관과 소방차들      이날 소방차 행렬을 보고 너무너무 감명받았습니다      s,이낙연 총리 시절 강원도 산불 저지를 위해 전국 모여드는 소방관 소방차 소방차 행렬 보고 감명 받았습니다,-2,80,-0.025
15,이재명이 재난에 대처하는 방식     코로나 이후      재난지원금을 노래하며 각종 기금에서 예산을 빼내어 수조원의 빚을 남김     년 정작 경기도 수해 때   개군 시군에 꼴랑   억원 지원     년 문정부의 재난지원금 정,이재명 재난 대처 하는 방식 코로나 이후 재난 원금 노래 하며 각종 기금 예산 빼내어 수조 남김 정작 경기도 수해 개군 억원 지원 정부 재난 원금,-1,128,-0.0078125
16,s       s   s    이재명 낙선 원인은 황교익과 먹방 촬영하고  황교익을 차관급 지위인 경기관광공사 사장에 임명한 걸로   만 표는 날라갔다고 생각한다  경기도 소방 최고 책임자가 자기 지역 대형 화재를 팽개치고 마산까지 내려가 원,이재명 낙선 원인 황교익 먹방 촬영 황교익 차관 지위 경기 관광 공사 사장 임명 날라 갔다고 생각 한다 경기도 소방 최고 책임자 자기 지역 대형 화재 팽개 마산 내려가,-2,135,-0.014814814814814815
17,윤석열 지난 대선때 산불현장 가서 헬기라도 타고 와야죠 하며 입털며 사진만 찍고 갔던거 생각나면 열불이 난다     s,윤석열 지난 대선 산불 현장 가서 헬기 타고 와야죠 하며 입털 사진 찍고 갔던거 생각나면 난다,0,66,0.0
18,민주당 정치인이 산불 방지 예산을 깎았는가     민주당 정치인이 산불 났는데 퇴근했는가,민주당 정치인 산불 방지 예산 깎았는가 민주당 정치인 산불 났는데 퇴근 했는가,2,49,0.04081632653061224
19,s        s   현재 우리나라에는 에탄올 화로 안전 기준이 없습니다  소비자원이 시중 판매 화로  종을 호주 기준에 따라 조사한 결과 모두 부적합한 것으로     에탄올은 불꽃이 잘 보이지 않는 특성이 있습니다  사용자가 불꽃,현재 우리나라 에탄올 화로 안전 기준 없습니다 소비자원 시중 판매 화로 호주 기준 따라 조사 결과 모두 부적합한 에탄올 불꽃 보이지 않는 특성 있습니다 사용자 불꽃,-3,130,-0.023076923076923078
20,이천화재 떡볶이먹방으로 이미 이재명 재난대비 능력과 인성은 아예 없는 걸로 판명되었다  그니깐  개소리 하지 마  이낙연이 답이다,이천 화재 떡볶이 먹방 이재명 재난 대비 능력 인성 아예 없는 판명 되었다 소리 하지 이낙연,-2,72,-0.027777777777777776
21,s              산불 나면 간다 했지 비 좀 온 거 가지고 가겠단 소리는 안했다     s,산불 나면 간다 했지 가지 가겠단 소리 했다,0,56,0.0
22,그래 ㅆㅂ 우리가 산불 나고 지진 날때 문재인 때문이다 함  장난하자는 것도 아니고 뭐만 하면 윤석열 때문이다 지랄하니까 빡치는거지,그래 우리 산불 나고 지진 날때 문재인 때문 장난 하자는 아니고 하면 윤석열 때문 지랄 하니까 빡치는거지,1,73,0.0136986301369863
23,s          이재명  도지사는 소방업무밖에 하는 게 없다  이렇게 말해놓고 정작 경기도에 화재났을 때 황교익이란 마산에서 떡볶에 처묵처묵,이재명 도지사 소방 업무 하는 없다 해놓고 정작 경기도 화재 났을 황교익 마산 볶에 처묵처묵,-3,80,-0.0375
24,울진은 산불로 서울은 침수로,울진 산불 서울 침수,0,15,0.0
25,이재명이 됐으면 안 그랬다고  쿠팡화재 때 이러고 있었던 거 다 까먹었음      s,이재명 됐으면 그랬다고 쿠팡 화재 이러고 있었던 까먹었음,-2,47,-0.0425531914893617
26,잦은 폭우와 태풍을 겪는 부산사람인데   장마 끝나고나 비가 많이 내리고 나서부터 바퀴 출몰이 심해져요 밖에서 하수구 물 조금이라도 튀면 바로 박박 씻어야해요 여름 하수구는 특히 바퀴벌레 천국 겨울에도 사는데요 뭐,잦은 폭우 태풍 겪는 부산 사람 장마 끝나고나 내리고 나서부터 바퀴 출몰 심해져요 하수 조금 튀면 바로 씻어 야해요 여름 하수 바퀴벌레 천국 겨울 사는데요,-6,119,-0.05042016806722689
27,s           서울 물난리에 당했습니다  저희 공방 건물에서는 하수관이 역류해 윗층이 침수되는 바람에  저희 공방 천장도 무너져서 포장재나 재료가 다 잠겼네요    당분간 발송이 어찌 될지는 내일 아침 정리하며 다시한번 확인해 자세한,서울 물난리 당했습니다 저희 건물 하수 역류 침수 되는 바람 저희 천장 무너져서 포장재 재료 잠겼네요 당분간 발송 어찌 될지는 내일 아침 정리 하며 다시 한번 확인 자세한,-3,134,-0.022388059701492536
28,저희 어머니도 강원도 사시는데 출근길에 큰 소리가 나서 뒤돌아보니 나무가 무너져있었대요 강원도 침수 산사태 피해에 관심 가져주세요     s,저희 어머니 강원도 사시는데 출근길 소리 나서 돌아보니 나무 무너져있었 대요 강원도 침수 산사태 피해 관심 가져주세요,-2,78,-0.02564102564102564
29,특보 웃긴게 강남 삼성에 물샌다고 보도하더니 이후엔 대기업 오피스라고 삼성 이름 싹 뺀다    전화온듯   밤에도 열일한다,특보 웃긴게 강남 삼성 샌다고 보도 하더니 이후 대기업 오피스 삼성 이름 뺀다 전화 온듯,-2,68,-0.029411764705882353
30,아니    뉴스특보에서 제보받은 각종 침수영상만 보여주는게 이게 맞아  이건 걍 재미용 아님  침수지역 지도에 표시해주고 비 예보 알려주고 침수상황시 어케해야하는지 대피요령이나 챙겨야하는거나 그런거 반복해서 알려줘야하는거 아닌가,아니 뉴스특보 제보 받은 각종 침수 영상 보여주는게 맞아 이건 재미 아님 침수 지역 지도 표시 해주고 예보 알려주고 침수 황시 어케 해야하는지 대피 요령 챙겨 야하는거나 그런거 반복 해서 알려줘 야하는거 아닌가,-6,127,-0.047244094488188976
31,내가 퇴근하면서 보니까   침수가 시작되더라고  그걸 봤으면 차를 돌렸어야지 새끼야  집에가서 빗소리에 소주 한잔 할 생각에 정신줄 놨었니      s,퇴근 하면서 침수 시작 봤으면 돌렸어야지 새끼 소리 소주 한잔 생각 정신 놨었,1,84,0.011904761904761904
32,s        어제 서울 물난리 집중호우  여파로 강남역 침수가 발생하면서 강남역 일대에 바퀴벌레 바선생 가 출몰하는 끔찍한 상황도 발생했습니다      s,어제 서울 물난리 집중호우 여파 강남역 침수 발생 하면서 강남역 일대 바퀴벌레 선생 출몰 하는 끔찍한 상황 발생 했습니다,-2,88,-0.022727272727272728
33,마이케이팝캘린더 퍼플키스 개인적으로 두 곡 다 너무 좋고 멤버들도 모든 게 아름답지만       월하면 습한 장마보다 청량한 해변가를 더 좋아하기때문에 이 청량가득인 한 여성에 시선을 빼앗겨버      s        s,마이 케이팝 캘린더 퍼플 키스 개인 좋고 멤버 모든 아름답지만 하면 습한 장마 청량한 해변 가를 좋아하기 때문 청량가득 여성 시선 빼앗겨,-2,123,-0.016260162601626018
34,굥 뭐해  침수 안 된 집에서 뭐해       s,침수,-4,27,-0.14814814814814814
35,침수됐던 지하철역들이 거의 다 복구 됐다니 밤새 얼마나 많은 분들이 애써주신 덕분일까,침수 됐던 지하철역 거의 복구 됐다니 밤새 얼마나 많은 애써주신 덕분 일까,2,47,0.0425531914893617
36,진짜 이런 게 재밌다고 패러디하는 것도  이미지 모아서 바이럴하는 거 보는 것도 너무 고통스럽다  동료시민들이 반지하에서 죽고 삶의 터전이 무너지고 차량이 침수되는데 이 재난의 어떤 요소로든 웃을 거리를 찾고 즐긴다,진짜 이런 재밌다고 패러디 하는 이미지 모아서 바이럴 하는 보는 고통스럽다 동료 시민 반지하 죽고 터전 무너지고 차량 침수 되는데 재난 어떤 소로 거리 찾고 즐긴다,0,120,0.0
37,s    s     아니 근데 뉴스특보 보다보니 웃긴다 지방에서는 태풍이 와서 집이 무너져도 자막 한줄 덜렁 나오고 끝이었어서 윗지역 사람들은 남부지방 태풍피해 있는지도 몰랐던 적도 있는데 윗동네 비오니까 방송도 끊고 특보ㅋㅋ 근데,아니 뉴스특보 보다 보니 웃긴다 지방 태풍 와서 무너져도 자막 덜렁 나오고 이었어서 지역 사람 남부 지방 태풍 피해 있는지도 몰랐던 적도 있는데 동네 비오니까 방송 끊고 특보,-2,129,-0.015503875968992248
38,s         트위터는 진짜 재난재해에 알맞는    다  맨홀 뚜껑 조심해 덜그덕 거리는데 가까이 있지 마 침수된 길 걸을때 뭐 잡거나 짚으면서 걸어야지 안그러면 뚜껑 날아간 맨홀에 빠지거나 물살에 쓸려가 물난리 후에 피부병 전염병 조심해,트위터 진짜 재난 재해 알맞는 맨홀 뚜껑 조심해 거리 가까이 있지 침수 잡거나 짚으면서 걸어야지 그러면 뚜껑 날아간 맨홀 빠지거나 물살 쓸려가 물난리 피부병 전염병 조심해,-8,135,-0.05925925925925926
39,s            실시간 강남역 슈퍼맨 등장  아저씨 한 분이 폭우로 침수된 강남역 한복판에서 배수관에 쌓여있는 쓰레기를 맨손으로 건져냄 덕분에 종아리까지 차올랐던 물도 금방 내려감     s             s,실시간 강남역 슈퍼맨 등장 아저씨 폭우 침수 강남역 복판 배수관 쌓여있는 쓰레기 맨손 건져 덕분 종아리 차올랐던 금방 내려감,2,124,0.016129032258064516
40,s        침수로 반지하에서 사람이 죽은 사고현장에 찾아가 몸을 구겨 앉아가며 구경하다가  어제 내가 퇴근하면서 보니까 우리 아파트가 언덕에 있는데도  층이 다 물에 잠겼더라니까 라고 말하며 누구도 물어보지 않은 자신의 전날 퇴근,침수 반지하 사람 죽은 고현 찾아가 구겨 앉아가며 구경 하다가 어제 퇴근 하면서 우리 아파트 언덕 있는데도 잠겼 하며 누구 물어보지 않은 자신 전날 퇴근,2,131,0.015267175572519083
41,침수되는 건 봤지만 내 집 아니고 내 일도 아니니까 암튼 퇴근했다   같은 말을 대통령이 하면 안 되는 것 아닌가   그것도 피해지역 현장에서,침수 되는 봤지만 아니고 일도 아니니까 퇴근 했다 같은 대통령 하면 되는 아닌가 그것 피해 지역 현장,-2,79,-0.02531645569620253
42,이제야 한숨 돌릴 틈이 나서 풀어보는    지하철 침수   버스 침수   차도 막힘   도로 막힘   막판엔 수영해서 퇴근만 네 시간 한 썰 푼다 근데 이제 정전을 곁들인,이제야 한숨 돌릴 나서 풀어 보는 지하철 침수 버스 침수 차도 막힘 도로 막힘 막판 수영 해서 퇴근 시간 푼다 이제 정전 곁들인,-1,95,-0.010526315789473684
43,아픈 아기를 키우는 친구는 반지하집에서 침수와 하수구 역류를 걱정하고  정전되면 아기 산소호흡기를 어쩌나 두려워하고 있다  외래 진료를 위해 호출한 장애인콜택시 배차는 두시간 걸렸고  수목금 다 진료와 재활      s,아픈 아기 키우는 친구 반지하 침수 하수 역류 걱정 정전 되면 아기 산소호흡 기를 두려워하고 있다 외래 진료 위해 호출 장애인 택시 배차 시간 걸렸고 목금 진료 재활,0,122,0.0
44,알티타네  강남 고급아파트도 침수피해 입었는데 뭐가 불공평이냐     이런 얘기까지 나오는 게 너무 화남 조금만 생각해봐도 알잖아요 반지하 지하에 사는 사람  거리의 시장에서 장사하는 사람들이 강남 고급아파트에 사는 사람들과 같은,알티 타네 강남 고급 아파트 침수 피해 입었는데 불공평 이런 얘기 나오는 화남 조금 생각 해봐도 알잖아요 반지하 지하 사는 사람 거리 시장 장사 하는 사람 강남 고급 아파트 사는 사람 같은,-6,128,-0.046875
45,다 맞는 말입니다  덧붙이자면 제 경험상 운전석에서 도로의 물밑은 안보여요  그냥 침수 도로는 피하는 게 제일 좋습니다  거기가 자작하게 물이 고인 건지  낭떠러지에 물이 찬건지 알 수 없어요  큰 일 날 수 있어요,맞는 입니다 덧붙이자면 경험 운전 도로 물밑 안보 여요 그냥 침수 도로 피하 제일 좋습니다 거기 자작하게 물이 고인 건지 낭떠러지 물이 건지 없어요 있어요,1,120,0.008333333333333333
46,여러분 그거 아시나요  서울 물난리 강남 정전 강남역 침수 다 실트인데요 오늘 내린 비는 내일과 모레 내릴 비의 예고편이랍니다  숨 참고 러브다이브 하러가겠음 사진 시계방향으로 오늘 내일 모레임     s,여러분 그거 아시나요 서울 물난리 강남 정전 강남역 침수 실트 오늘 내린 비는 내일 모레 내릴 예고편 랍니 참고 러브 다이브 하러가겠음 사진 시계 방향 오늘 내일 모레,1,114,0.008771929824561403
47,s     이렇게 비가 많이 왔는데  다음날 대중교통이 말짱해졌다  천재지변을 인력으로 막은 셈인데  간밤에 얼마나 힘드셨을까  게다가 지하철 청소는 거의 여자 분들이 하시잖아  나는 운좋게도 침수 구간을 비껴 출퇴근하지만 마음이 참 무겁,왔는데 다음 대중교통 말짱해졌다 천재지변 인력 막은 간밤 얼마나 힘드셨을까 게다가 지하철 청소 거의 여자 하시잖아 좋게도 침수 구간 출퇴근 하지만 마음 무겁,-2,133,-0.015037593984962405
48,반지하 침수 사고 현장 찾은 윤 대통령과 오세훈 서울시장  출처   뉴스    네이버 뉴스      s                   카메라는 왜 의식하지      s,반지하 침수 사고 현장 찾은 대통령 오세훈 서울시장 출처 뉴스 네이버 뉴스 카메라 의식 하지,0,94,0.0
49,지하철    호선 운영이 오늘 첫차부터 모두 정상화된 반면  민간에서 운영하는  호선은 일부 구간만 운영되고 상당수의 역이 침수 복구를 못하고 있는 중  여러분은 지금  민영화의 결론을 보고 계십니다    운영할 때에는 최대,지하철 호선 운영 오늘 모두 정상화 반면 민간 운영 하는 호선 일부 구간 운영 되고 상당수 침수 복구 있는 여러분 지금 민영화 결론 보고 계십니다 운영 최대,1,125,0.008
50,집이 침수되면 누구는 수리 복구 될 때까지 호텔을 잡아 지낼 수 있고  못 쓰게 된 소지품도 새로 살 여유가 있는데  누구는 당장 묵을 곳도 정부가 마련해 주지 않으면 없고  생필품도 한두 개 새로 사는 것도 부담이라는,침수 되면 누구 수리 복구 호텔 잡아 지낼 있고 쓰게 소지품 새로 여유 있는데 누구 당장 곳도 정부 마련 주지 않으면 없고 생필 품도 한두 새로 사는 부담,-1,122,-0.00819672131147541
51,뉴욕에 폭설 경보가 예상된다고 뉴스가 나온 날  병원에선 출퇴근이 어려운 직원들을 위해 호텔을 빌려 숙식을 제공했고  출근한 직원들에겐 궂은 날씨에 와줘서 고맙다며   불 병원 매점 이용권  매점 자체가 너무 싸서,뉴욕 폭설 경보 예상 된다고 뉴스 나온 병원 출퇴근 어려운 직원 위해 호텔 빌려 숙식 제공 했고 출근 직원 날씨 와줘서 고맙다며 병원 매점 이용권 매점 자체 싸서,-7,119,-0.058823529411764705
52,퇴근하면서 보니 벌써 다른 아래쪽 아파트들은 침수가 시작되더라   아니 그걸 알면 퇴근을 하지 말고 중대본에서 컨트롤을 하셔야지 왜 사저를 쳐 기어들어가세요 누군 반지하에서 죽어도 자긴 고지대 비싼 아파트 산다고 자랑하,퇴근 하면서 보니 벌써 다른 아래쪽 아파트 침수 시작 되더라 아니 퇴근 하지 대본 컨트롤 하셔야지 기어 들어가세요 반지하 죽어도 자긴 지대 비싼 아파트 산다 자랑,-2,122,-0.01639344262295082
53,지금 출근하는데  도로가 안보여 이것이 침수,지금 출근 하는데 도로 안보 침수,0,24,0.0
54,서울시 최초 터널형 빗물저류시설인 신월빗물저류시설은 국내 최고 수준의 배수능력을 자랑하며 폭우 시 최대   만 톤의 빗물을 저장    신월빗물저류시설 운영을 통해 장마철마다 고질적 침수 지역이던 신월동 지      s         s,서울시 최초 터널 빗물 시설 신월 빗물 시설 국내 최고 수준 배수 능력 자랑 하며 폭우 최대 빗물 저장 신월 빗물 시설 운영 통해 장마철 고질 침수 지역 신월동,-1,131,-0.007633587786259542
55,현석아   오랜만   진짜 오랜만이다잉 ㅠㅠ 수고하셨스미스미  날씨가 오락가락하고 이제  차 장마이래  감기조심        s         s     s,현석 진짜 오랜 만이 수고 하셨 스미스 날씨 오락가락 이제 장마 감기 조심,-2,87,-0.022988505747126436
56,윤 대통령  퇴근하면서 보니 다른 아파트 침수 시작  발언 논란 출처   부산일보   네이버     s,대통령 퇴근 하면서 보니 다른 아파트 침수 시작 발언 논란 출처 부산 일보 네이버,0,57,0.0
57,s      게임  가디언 테일즈  개발사 콩스튜디오 사무실이 이번 폭우로 침수 피해를 입어 내일  월   일 로 예정되었던 업데이트가 무기한 연기되었다는 소식      s,게임 가디언 테일즈 개발 스튜디오 사무실 이번 폭우 침수 피해 입어 내일 예정 되었던 업데이트 무기한 연기 되었다는 소식,-1,96,-0.010416666666666666
58,고생많으시고 대단하신데   이건 감사하고 넘길 문제가 아니라 당장 대피해도 모자랄 침수 진행중인 건물에 계속 남아 청소를 해야만 하는 환경이 너무 비정상적이라는 것에 대해 생각해봐야 할 것 같음   재난상황에 대피도 못하는 청소노,고생 많으시고 대단하신데 이건 감사하고 넘길 문제 아니라 당장 대피 해도 모자랄 침수 진행중 건물 계속 남아 청소 해야만 하는 환경 비정상 대해 생각 해봐야 같음 재난 상황 대피 하는 청소,-7,128,-0.0546875
59,침수가 시작되는 걸 봤으면서 그대로 퇴근했다고      s,침수 시작 되는 봤으면서 그대로 퇴근 했다고,0,32,0.0
60,내일이나 모레중으로 공구건들 발송 예정입니다만 침수 지역으로 택배 수령이 어렵거나 불안하신 분들은 말씀주시면 발송 미루겠습니다  다만 제가 사는 지역은 해가 짱짱해 날씨 판별이 어려워 받으시길 원하는 시기를 말씀주셔야합니다,내일 모레 구건 발송 예정 입니다만 침수 지역 택배 수령 어렵거나 불안하신 말씀 주시 발송 미루겠습니다 다만 사는 지역 짱짱해 날씨 판별 어려워 받으시길 원하는 시기 말씀 주셔 야합니다,-3,124,-0.024193548387096774
61,퇴근길 침수가 된걸 보면서도       퇴근      아   네         s,퇴근길 침수 보면서도 퇴근,0,45,0.0
62,살다살다 집 주변 침수로 출근 못한다는 대통령은 또 첨이네  배라도 타고 출근을 해야지  이런 재난 상황에    아니 무슨 이런 얼뜨기가 다 있냐  멀쩡한 청와대 놔두고        s,살다 살다 주변 침수 출근 한다는 대통령 타고 출근 해야지 이런 재난 상황 아니 무슨 이런 얼뜨기 있냐 멀쩡한 청와대 놔두고,-2,103,-0.019417475728155338
63,반지하 침수 사망유족 방문사진으로 국민을 지킨다고 홍포포스터 만든거 개소름이네  싸패인가,반지하 침수 사망 유족 방문 사진 국민 지킨다고 홍포 포스터 만든거 소름 패인,0,49,0.0
64,윤석열 대통령   장애 가족 참변  반지하 침수현장 찾아  왜 미리 대피 안됐느냐      s                   윤석열 질문이 너무 충격적이라 박근혜 구명조끼 발언이 떠올랐음     s,윤석열 대통령 장애 가족 참변 반지하 침수 현장 찾아 미리 대피 됐느냐 윤석열 질문 충격 박근혜 구명조끼 발언 떠올랐음,0,111,0.0
65,이제 우리나라가 사계절이 아름다운 나라가 아니다   동시에  개의 경보가 뜨는 나라다 시바,이제 우리나라 사계절 아름다운 나라 아니다 동시 경보 뜨는 나라 시바,1,50,0.02
66,아크로비스타 엘리베이터 침수 영상은 가짜 뉴스     s          s      s,아크 비스타 엘리베이터 침수 영상 가짜 뉴스,0,49,0.0
67,s        중부권 폭우 집중호우 로 인하여 이수역 침수  강남역 침수  도림천 범람  지하철 침수  도로침수 등 각종 피해가 속출하고 있습니다   모두들 조심하시고 무사귀가 하세요      s,중부 폭우 집중호우 인하여 이수역 침수 강남역 침수 도림천 범람 지하철 침수 도로 침수 각종 피해 속출 있습니다 모두 조심하시고 무사 귀가 하세요,-2,110,-0.01818181818181818
68,아주 친절하셨고 하는데 덕분에 힘든와중에도 많이 위안이 되셨다고 꼭 후속조치 제대로되면 좋겠다고 침수가 올해에만 세번째라 너무너무 힘들다고 호소하셨습니다  의원님개인 s s가 없으시고 시간이 늦어서 내일 문      s,아주 친절하셨고 하는데 덕분 힘든 와중 위안 되셨다고 후속 조치 로되 좋겠다고 침수 올해 세번 힘들다고 호소 하셨습니다 의원님 개인 없으시고 시간 늦어서 내일,0,122,0.0
69,더불어민주당 남동구의회 이철상의원님이 사람들 어머니가 누군지 잘 모르겠다하시네요 과 침수된 상가지역에 직접 오셔서 상가분들 의견도 물어보시고  시간이상 서서 피해상황 둘러보시고 펌프      s,더불어 민주당 남동구 의회 이철상 의원님 사람 어머니 모르겠다하시네요 침수 상가 지역 직접 오셔서 상가 의견 물어보시고 시간 이상 서서 피해 상황 둘러보시고 펌프,-1,108,-0.009259259259259259
70,나 방금전 뭘 본거임     어젯밤 폭우로 관악구 세가족이 침수로 숨진 곳에 오세훈시장이 갔는데 동네 주민이 항의하자 죄송하다거나 위로를 해주는 대신 옆에 있던 사람보고  설명해 주세요  하고 바로 등 돌리고 가는 모습이 방,금전 본거 어젯밤 폭우 관악구 세가족 침수 숨진 훈시 갔는데 동네 주민 항의 하자 죄송하다거나 위로 해주는 대신 있던 사람 보고 설명 주세요 하고 바로 돌리고 가는 모습,-6,125,-0.048
71,어제 강남과 서초가 침수당했는데 재난에 불공정 이야기가 왜 나오냐며 말같지도 않던 소리를 하는 사람이 생각나서 더더욱 화가 난다,어제 강남 서초 침수 당했는데 재난 불공정 이야기 나오냐며 같지도 않던 소리 하는 사람 생각나서 더욱 화가 난다,-1,71,-0.014084507042253521
72,항상 침수가 진행되는 상황에서 땜의 불어나 물을 감당하지 못하고 긴급한 방류를 시행하는 옥상옥의 처방이 예고된 재난상황으로 이어지는 안타까움을 시정하지 못하는 공무원의 작태에 분개를 금할 수 없다는 것이다,항상 침수 진행 되는 상황 불어 감당 하지 긴급한 방류 시행 하는 옥상 처방 예고 재난 상황 이어지는 안타까 시정 하지 하는 공무원 작태 분개 없다는,1,114,0.008771929824561403
73,s       일가족이자 사회적 약자 세 명이 별안간 수재로 돌아가신 곳에 찾아가  우리 아파트도 침수됐다 라는 멘트를 하는 리더에겐 도대체 어떤 회로가 장착된 걸까  나름 공감대를 표현하려는 노력인가  그 허한 말로 메꾸려던 건 무엇일까,가족 이자 사회 약자 별안간 수재 돌아가신 찾아가 우리 아파트 침수 됐다 멘트 하는 리더 도대체 어떤 회로 장착 걸까 나름 공감 표현 하려는 노력 허한 말로 꾸려던 무엇 일까,0,133,0.0
74,운전 중 침수도로에서의 행동 요령    물 웅덩이 통과가 불가피한 경우 저단 기어 시속        로 서행 통과    범퍼 높이까지 침수된 곳은 미리 저단 기어에 놓고 한번에 지나가야  도중에 기어를 바꾸거나 차를,운전 침수 도로 행동 요령 웅덩이 통과 불가피한 경우 기어 시속 서행 통과 범퍼 높이 침수 미리 기어 놓고 한번 지나가야 도중 기어 바꾸거나,1,120,0.008333333333333333
75,장애 가족 참변  반지하 침수현장 찾아  왜 미리 대피가 안됐나    윤석열  구명조끼 입었다고 하는데 그렇게 발견하기 힘드냐   박근혜  하  이게 무슨 데쟈뷰냐   내가 피해자 유가족이었으면 가만 안있었다,장애 가족 참변 반지하 침수 현장 찾아 미리 대피 됐나 윤석열 구명조끼 입었다고 하는데 발견 하기 힘드냐 박근혜 무슨 데쟈뷰 피해자 유가족 이었으면 있었다,-2,116,-0.017241379310344827
76,속보  서울 도봉구 종로구 산사태 주의보 발령     s,속보 서울 도봉구 종로구 산사태 주의보 발령,0,31,0.0
77,어제 별마당 도서관은 국립중앙도서관 있으니까 으와 종이 아깝다 정도였는데 국립중앙도서관이 침수,어제 마당 도서관 국립 중앙 도서관 있으니까 종이 아깝다 정도 였는데 국립 중앙 도서관 침수,0,52,0.0
78,ss      장마  패턴 도  폭우 폭염 폭우 가 반복되는 형태로 최근 수년 사이 과거와 달라졌다        온난화로 대기 중 수증기량이 많이 늘어나고 해수면 온도가 과거보다 상승한 것은 주지의 사실 이라면서  기후변화가 장,장마 패턴 폭우 폭염 폭우 반복 되는 형태 최근 수년 사이 과거 달라졌다 온난화 대기 수증 기량 늘어나고 해수면 온도 과거 상승 주지 사실 이라면서 기후변화,-6,127,-0.047244094488188976
79,와 존나 웃긴다 자택 주변이 침수돼서 못 움직여서 자택에서 실시간으로 보고 받으신데  대통령실은 언론사랑 통화했데  개 웃김 안웃김  그러니깐 청와대같은 게 호의호식 하려고 쓰는 게 아니잖냐,존나 웃긴다 자택 주변 침수 돼서 움직 자택 실시간 보고 받으신 대통령실 언론사 통화 했데 웃김 웃김 그러니깐 청와대 같은 호의호식 하려고 쓰는 아니잖냐,-2,106,-0.018867924528301886
80,s    침수피해  침수피해 강원도  강원도 침수피해  서울만 그런줄알어 누군위에 산인데     s              s s,침수 피해 침수 피해 강원도 강원도 침수 피해 서울 그런줄 알어 군위,-6,72,-0.08333333333333333
81,윤석열  제가 사는 서초동 아파트는 언덕에 있는데도  층이 침수될 정도였다  퇴근하면서 보니 벌써 다른 아래쪽 아파트들은 침수가 시작되더라    아파트 침수되는 걸 보고도 퇴근했다고,윤석열 사는 서초동 아파트 언덕 있는데도 침수 정도 였다 퇴근 하면서 보니 벌써 다른 아래쪽 아파트 침수 시작 되더라 아파트 침수 되는 보고 퇴근 했다고,1,101,0.009900990099009901
82,실시간 침수 상황 확인하는 법    s 재난 포털 검색하고 날씨별로 자세히 보기 누르면 실시간 상황 제보 한 것도 볼 수 있고 이 시각 현장      도 볼 수 있어서 편리해요    얼른 이 사태가 끝나길   깅들,실시간 침수 상황 확인 하는 재난 포털 검색 날씨 별로 자세히 보기 누르면 실시간 상황 제보 있고 시각 현장 있어서 편리해요 얼른 사태 끝나길 깅들,-2,119,-0.01680672268907563
83,강원도 피해 궁금해서 강원일보 들어가 봤다  영월  평창에서 급류에 휘말려 익사하는 사고가 있었고 주택과 농경지가 침수되고 골프장이 유실되는 등 피해가 큼       s                       s,강원도 피해 궁금해서 강원 일보 들어가 봤다 영월 평창 급류 말려 익사 하는 사고 있었고 주택 농경지 침수 되고 골프장 유실 되는 피해,-6,118,-0.05084745762711865
84,ㅋㅋ 참 딱하네   비가 올 때 윤이 밖에 못 나오는 이유가   휴가 안 간 이유도   윤석열 장마  강남 침수  윤석열 지지도        s,딱하네 나오는 이유 휴가 이유 윤석열 장마 강남 침수 윤석열 지지도,0,80,0.0
85,s      난 제네시스     신형이 침수차 됏다는 게 믿어지지 않음  천만원 개같이 증발     내가 차주분이엇어도 이 친구의 끝을 최대한 함께함 한 순간이라도 더 타야 함 비록 보닛 위라도,제네시스 신형 침수 됏다 믿어지지 않음 천만원 증발 차주 엇어 친구 최대한 순간 타야 비록 보닛,0,108,0.0
86,작년인가 재작년인가 부산에 지하철이 침수될 정도로 비가 많이 왔었는데   언제 비가 왔었냐 는듯 깨끗하게 청소된 지하철역이 화제였었다     이렇게 비가 오는 날에도 누군가는 시설을 정비해야하고  누군가는 청소를 해야한,작년 재작년 부산 지하철 침수 정도 왔었는데 언제 왔었냐 는듯 깨끗하게 청소 지하철역 화제 였었다 오는 누군가 시설 정비 해야하고 누군가 청소 해야한,-4,122,-0.03278688524590164
87,수해 현장에서 세 가지 긴급 조치를 당부했습니다  첫째 빠른 시일 내 위험지역과 침수 빈발지역  특히 반지하 같은 곳에 대한 현황을 파악해 줄 것 둘째 피해에 대해서는 절차를 없애거나 최소화해서 지원에 나설 것  셋째 자원,수해 현장 가지 긴급 조치 당부 했습니다 첫째 빠른 시일 위험 지역 침수 빈발 지역 반지하 같은 대한 현황 파악 둘째 피해 대해 서는 절차 없애거나 최소 화해서 지원 나설 셋째 자원,-12,124,-0.0967741935483871
88,훈녀생정  침수차량 탈출하기 목숨보존하는법 유리창깨는법 죽빵스킬     s,훈녀 생정 침수 차량 탈출 하기 목숨 보존 유리창 깨는 죽빵 스킬,0,41,0.0
89,폭우가 계속되고 있어 긴급히 중랑천변 인근을 살피고 있습니다  살곶이운동장 일대는 많은 비로 곧 침수될 것으로 예상돼 전구간 전면 통제합니다  구민 여러분께서는 지대가 낮은 곳으로는 통행을 삼가해 주시고  재난경보 알림을,폭우 계속 되고 있어 긴급히 중랑천 인근 살피 있습니다 살곶 운동장 일대 많은 침수 예상 구간 전면 통제 합니다 구민 여러분 지대 낮은 통행 가해 주시 재난 경보 알림,-1,123,-0.008130081300813009
90,s     너 침수된거야     s,침수 된거,0,19,0.0
91,개빡쳐서 직접 찍어옴 아크로비스타 침수로 이동 불가는 개뿔 세상 멀쩡합니다 차량도 아무 문제 없이 출입중임 언론들 기사 똑바로 써라 나갈 수 없어서 집에 있는 게 아님 윤석열은 그냥 귀찮아서 출근을 안 하는 거임,빡쳐서 직접 찍어 아크 비스타 침수 이동 불가 개뿔 세상 멀쩡합니다 차량 아무 문제 출입 중임 언론 기사 똑바로 써라 나갈 없어서 있는 아님 윤석열 그냥 귀찮아서 출근 하는 거임,0,118,0.0
92,s        ㅋㅋ 참 딱하네   비가 올 때 윤이 밖에 못 나오는 이유가   휴가 안 간 이유도   윤석열 장마  강남 침수  윤석열 지지도        s,딱하네 나오는 이유 휴가 이유 윤석열 장마 강남 침수 윤석열 지지도,0,89,0.0
93,ss   애초 멀쩡한 청와대 버리고 무리하게 대통령실 이전한게 문제고  호우 경보에도 불구하고 칼퇴근한게 문제라는 생각은 절대 못함 ㅋㅋㅋㅋ      s,애초 멀쩡한 청와대 버리고 무리하게 대통령실 문제 호우 경보 불구 퇴근 문제 생각 절대,0,85,0.0
94,화요일  시 기준  천 대가 넘는 차량이 침수됐고  손해액은    억 원에 달한다고 합니다      오토 차량을  단 기어로 낮추는 법은  수동기어 지원모드를 참조하세요  타래로 인용해둡니다      s,화요일 기준 대가 넘는 차량 침수 됐고 손해 합니다 오토 차량 기어 낮추는 수동 기어 모드 참조 하세요 타래 인용 둡니다,-6,113,-0.05309734513274336
95,ss    어르신들은 트윗      활용이 어렵습니다  지하철 침수중단 구간   문자나 경보알림 좀 보내주십시요    진짜 어제 집 돌아오는길 어르신들은 무작정  여기저기 물어봐가면서 버스타시는데    안타까웠습니다,어르신 트윗 활용 어렵습니다 지하철 침수 중단 구간 문자 경보 알림 보내주십시요 진짜 어제 돌아오는길 어르신 무작정 여기저기 물어봐가면서 버스 타시는데 안타까웠습니다,1,120,0.008333333333333333
96,야 진짜 이게 맞는거임    침수피해가 났어 서울의 반이 물에 잠겼어 근데 대통령 새끼는 재택근무하는데 나머지 노동자들은 밤새 지하철 치우고 출근해   심지어 시발 지하철 다시 다 운행 가능하게 했어   근데 이게 모,진짜 맞는거 침수 피해 났어 서울 잠겼어 대통령 새끼 재택근무 하는데 나머지 노동자 밤새 지하철 치우고 출근 심지어 시발 지하철 다시 운행 가능하게 했어,-3,121,-0.024793388429752067
97,s   이지영 중학생때 반지하 집 침수돼서 요점노트 다 젖어서 죽으려고 옥상 갔다는 거 생각남,이지영 중학생 반지하 침수 돼서 요점 노트 젖어서 죽으려고 옥상 갔다는 생각남,0,52,0.0
98,아  버스침수 저상버스 탓하지마세요 안그래도 보장 안돼있는 장애인 이동권만 공격하지 마세요 오세훈 서울시장이 재난 차관 임명  배수시설 설치   배수예산     억 삭감 쌍욕,버스 침수 저상버스 하지 마세요 그래도 보장 돼있는 장애인 동권 공격 하지 마세요 오세훈 서울시장 재난 차관 임명 배수 시설 설치 배수 예산 삭감 쌍욕,-2,97,-0.020618556701030927
99,굥이 아크로비스타에서 폭우 피해 대처를 했단다   그래   그럼 통화 기록이나 상황 기록이 있겠네   그치   대통령 상황 대처 기록은 전부 남겨야 하는 거 맞지   기록 좀 보자   누구와 무슨 내용의 통화를 했고  대,아크 비스타 폭우 피해 대처 했단다 그래 그럼 통화 기록 상황 기록 있겠네 그치 대통령 상황 대처 기록 전부 남겨야 하는 맞지 기록 보자 누구 무슨 내용 통화 했고,-6,123,-0.04878048780487805
100,폭우 탓인지 오늘 유독 도로에 죽은 동물들이 많이 보이네요ㅠ 죽은 동물 발견 하셨을때 다산 콜센터로 전화 해주세요  지역번호      입니다ㅠㅠ    침수피해 제네시스 지하철역 조기퇴근 기록적 폭우 고양이들 천둥번개 남부지방,폭우 오늘 유독 도로 죽은 동물 보이네요 죽은 동물 발견 하셨을 다산 콜센터 전화 해주세요 지역번호 입니다 침수 피해 제네시스 지하철역 조기 퇴근 기록 폭우 고양이 천둥 번개 남부 지방,-11,125,-0.088
101,이쪽도 지형이 좀 높아서 침수도 잘 안 되고     눈도 잘 안 오고     여름에만 덥고     하아,지형 높아서 침수 되고 오고 여름 덥고 하아,2,57,0.03508771929824561
102,기호일보 만평  침수사태     s,기호일보 만평 침수 사태,0,19,0.0
103,웅 여기는 그냥 멸망이야  ㅋㅋㅋㅋㅋㅋ남부지방은 폭염주의보 내린 곳도 있다던데 이 조그만 나라에 무슨 날씨가 이모양인지,여기는 그냥 멸망 남부 지방 폭염 주의보 내린 곳도 있다던데 조그만 나라 무슨 날씨 모양,0,66,0.0
104,s   ss    아까  호선 침수 알림 보고 침울하게 터덜터덜 역 나오는데 창빈군이 줏대있게 집까지 걸어가  하는눈으로 나를 봐서 집까지 걸어옴     s,아까 호선 침수 알림 보고 침울하게 나오는데 창빈 줏대 있게 걸어가 하는 나를 봐서 걸어옴,0,87,0.0
105,건물주가 침수로 지하주차장의 고급차량이 물에 잠겨 거액의 보상금을 지불한 이후로 저 벽을 설치했다는 인터넷 풍문은  거짓 이라고      년 처음 건물을 지었을 때부터 설치한 것이라고 한다,건물 주가 침수 지하 주차장 고급 차량 잠겨 거액 보상금 지불 이후 설치 했다는 인터넷 풍문 거짓 처음 건물 지었을 설치 한다,0,105,0.0
106,s           아까부터   s 계속 틀어눟고 있는데 정부가 실종되었다  예전엔 화면 하단자막에 계속 특보와 정부 발표와 집계 같은 정보들이 떴었지  지금 아무 것도 안나옴    s 에서도 했던 말들 또 하면서 반복만 하고 있다,아까부터 계속 틀어눟 있는데 정부 실종 되었다 예전 화면 하단 자막 계속 특보 정부 발표 집계 같은 정보 떴었지 지금 아무 나옴 했던 하면서 반복 하고 있다,1,130,0.007692307692307693
107,장마때 가방에 폰과 블투이어폰을 넣을 지퍼백 이케아 지퍼백 을 항상 넣어두는 편  그 옛날 일본팬분들이 엄청난 비 올때 아이폰을 지퍼백에 넣고 문자하는거 보고 배움  가끔 지퍼백에 얇은 손수건과 같이 폰을 넣더라  습기제,장마 가방 블투 이어폰 넣을 지퍼 이케아 지퍼 항상 넣어 두는 옛날 엄청난 아이폰 지퍼 넣고 문자 하는거 보고 배움 가끔 지퍼 얇은 손수건 넣더라 습기,0,123,0.0
108,밑은 또 폭염경보구나   진짜 중간이없네     s,폭염 보구 진짜 중간 없네,0,28,0.0
109,내가 있는곳은 폭염이야  용화도 비 조심해,있는 폭염 조심해,-4,23,-0.17391304347826086
110,폭염과 다습한 날씨가 이어가니 바질은 전멸인데 고무나무랑 아보카도는 생생하네,폭염 다습한 날씨 어가 바질 전멸 고무나무 아보카도 생생하네,0,42,0.0
111,폭염은 괜찮으신가요,폭염 괜찮으신 가요,0,10,0.0
112,여긴 폭염 경보    다들 비 조심하세요,여긴 폭염 경보 조심하세요,0,22,0.0
113,남부지방은 가뭄에 폭염에 시달리는데 퇴근길 울님들  비 피해 없도록 안전에 안전 조심히 즐퇴하세요                 s     s,남부 지방 가뭄 폭염 시달리는데 퇴근길 피해 없도록 안전 안전 조심 즐퇴 하세요,-2,78,-0.02564102564102564
114,울님들 밤새 안녕하셔요  제가 있는 아랫지방은 폭염이고  위에는 비때문에 걱정이네요  모쪼록 비 피해 없이 안전한 하루 되시길 바랍니다  오늘두 힘나는 날 되셔요,밤새 안녕하셔요 있는 아랫 지방 폭염 때문 걱정 피해 안전한 하루 되시길 바랍니다 오늘 힘나는 되셔요,-1,90,-0.011111111111111112
115,같은 나라인데 극과 극이네  남부지방은 비 한 방울도 안 내리고 열흘째 열대야 폭염 지속중,같은 나라 남부 지방 방울 내리고 열흘 열대야 폭염 지속,0,50,0.0
116,s s      s      더쇼 는 폭염에 여름휴가  갈 필요가 없어요  울캡틴강쥐 용맹함과 비주얼 카리스마에 감격해 흐르는 눈물로 왼쪽눈엔 케리비안더쇼 오른쪽눈엔 더쇼밤축제가 열리거든요  무더운 여름에 밖에 나갈 필요 없이 물놀이하게 해주,더쇼 폭염 여름 휴가 필요 없어요 캡틴 강쥐 용맹함과 비주 카리스마 감격 흐르는 눈물 왼쪽 케리 안더 오른쪽 더쇼밤 축제 열리거든요 무더운 여름 나갈 필요 물놀이 하게 해주,-3,135,-0.022222222222222223
117,우린 폭염   머 중간이 없냐,우린 폭염 중간 없냐,0,16,0.0
118,우리가 진정 걱정하고 자주 써주고 자주 읽어줘야하는  기사는 이런 기사다  유럽 폭염은 연일 뉴스에 나오지만   만명이 생사를 오가는 이 뉴스는 왜 자주 안 써주는가       s          s  s         s,우리 진정 걱정 자주 써주고 자주 읽어줘 야하는 기사 이런 기사 유럽 폭염 연일 뉴스 나오지만 생사 오가는 뉴스 자주 써주는가,2,124,0.016129032258064516
119,오늘의 날씨를 알려드리겠습니다  폭우폭염폭우폭염폭우폭염폭우폭염  이상입니다,오늘 날씨 알려 드리겠습니다 폭우 폭염 폭우 폭염 폭우 폭염 폭우 폭염 이상 입니다,0,41,0.0
120,여름이 되면 쿠팡 물류센터에선 결근과 조퇴가 속출합니다  많은 날엔 계약직  개조에서  분의   이상이 결근과 조퇴를 할 정도죠  노동자는 사람인지라 폭염을 견딜 수 없으니 그날 일당을 비롯해 주휴수당  연차가 날아가 수입이,여름 되면 쿠팡 물류 센터 결근 조퇴 속출 합니다 많은 계약 개조 이상 결근 조퇴 정도 노동자 사람인 지라 폭염 견딜 없으니 그날 일당 비롯 주휴수당 연차 날아가 수입,-1,125,-0.008
121,호우주의보 피해서 간 곳이 폭염경보,호우 주의보 피해 폭염 경보,-2,19,-0.10526315789473684
122,저희는 폭염구간이네요  습하고 더워요,저희 폭염 구간 습하고 더워요,0,20,0.0
123,수능    일 앞으로 이제 실감 납니다  고  폭염 속  열공      s,수능 이제 실감 납니다 폭염 열공,0,41,0.0
124,맨날쑥스럽게웃고다정하게웃고  박씨눈엔그렇게보이는구나      폭염이엇다,웃고 다정하게 웃고 박씨 보이는구나 폭염 엇다,1,39,0.02564102564102564
125,s     오늘의 날씨를 알려드리겠습니다  폭우폭염폭우폭염폭우폭염폭우폭염  이상입니다,오늘 날씨 알려 드리겠습니다 폭우 폭염 폭우 폭염 폭우 폭염 폭우 폭염 이상 입니다,0,47,0.0
126,우리집 더워서 밥이 안 넘어가슈펄 과연 폭염경보가 맞댜,우리 더워서 넘어가 슈펄 과연 폭염 보가 맞댜,0,30,0.0
127,조심조심   밑에 지방은 폭염 더워유,지방 폭염 더워,0,20,0.0
128,부산은 폭염이 한창이랍니다  죠심죠심 귀가하새오,부산 폭염 한창 랍니 심죠 귀가 새오,0,26,0.0
129,오늘 하루 고생하셨습니다  중부쪽은 어제보다 오늘이 더 비 심하게 온다고 합니다  그러니 퇴근길 조심하시고요  출근 및 야근 하시는 분들도 조심하시길 바랍니다  남부는 열대야 이니 폭염 조심하시고요  저녁      s,오늘 하루 고생 하셨습니다 중부 어제 오늘이 심하게 온다고 합니다 그러니 퇴근길 조심하시고요 출근 야근 하시는 조심하시길 바랍니다 남부 열대야 이니 폭염 조심하시고요 저녁,0,121,0.0
130,s           지구는 멸망할 것이다      이번 서울 물난리는 단순한 사건이 아니다    이것은 지구 멸망의 전조 중 하나일 뿐이다    서울만 기상이변이 있는게 아니다    시베리아 여름 온도가 섭씨   도 넘어가고    일본,지구 멸망할 이번 서울 물난리 단순한 사건 아니다 지구 멸망 전조 하나 서울 기상이변 있는게 아니다 시베리아 여름 온도 섭씨 넘어가고 일본,0,132,0.0
131,s              시뻘겋게 끓었다  나사가 공개한  붉은 지구  충격 영상       도를 웃도는 극심한 폭염이 뉴노멀이 될 것이라는 관측   스페인 정부  직장인들에게 넥타이 착용 자제 권고   영국 정부  정원 호스 사용 자,시뻘겋게 끓었다 나사 공개 붉은 지구 충격 영상 도를 웃도는 극심한 폭염 노멀 관측 스페인 정부 직장인 넥타이 착용 자제 권고 영국 정부 정원 호스 사용,3,132,0.022727272727272728
132,핫함 경보      폭염을 넘어서는 뜨거운 열기  승리로 하나 되는 피치스 뷰잉파티 현장           s                                            피치스  피치스도원        s,핫함 경보 폭염 넘어서는 뜨거운 열기 승리 하나 되는 피치스 뷰잉 파티 현장 피치스 피치스,1,124,0.008064516129032258
133,s      강남역 침수되고 정전되고 도서관 책 다젖고 땅은 뒤집히고 맨홀뚜껑 뽑히고 바퀴벌레는 득실거리고 청와대종합상활실도 이젠 없고 산사태 나고 지방은 폭염이고  근데 정부의 대책이 없다 진짜 무정부 상태라는게 실감이 남,강남역 침수 되고 정전 되고 도서관 젖고 뒤집히고 맨홀 뚜껑 뽑히고 바퀴벌레 득실 거리 청와대 종합 활실 없고 산사태 나고 지방 폭염 정부 대책 없다 진짜 정부 상태 실감,1,125,0.008
134,대한민국도둘로갈라졌노씨벌 여기는폭염이고매미가울어요,대한민국 갈라졌 노씨 여기는 폭염 매미 울어요,-2,27,-0.07407407407407407
135,가뭄이었다가 폭우내렸다가 폭염이었다가 날씨 그지같음,가뭄 이었다가 폭우 내렸다가 폭염 이었다가 날씨 그지같음,0,28,0.0
136,봄은 아니지만 뽕차서 그렸어용  비가 진짜 엄청 많이 오던데 다들 조심하시구  폭염도 조심하시구    안전하셨음 좋겠어여      그림  그림러  그림계  그림쟁이  벚꽃         상시 커미션     s,아니지만 차서 그렸어용 진짜 오던데 조심하시구 폭염 조심하시구 안전하셨음 좋겠어여 그림 그림러 그림 그림 벚꽃 상시 커미션,0,116,0.0
137,여러분 대구 날씨 어떤가요  여기 걍 하늘 뚫린 거 같은데 밑에 지방은 폭염주의보라는게 믿기지가 않어요,여러분 대구 날씨 어떤 가요 여기 하늘 뚫린 같은데 지방 폭염 주의보 믿기지가 않어요,0,57,0.0
138,서울 아마존 개장한줄    여기는 폭염랜드            s,서울 아마존 개장 여기는 폭염 랜드,0,36,0.0
139,폭우도 폭염도 모두 조심하시길 바라요,폭우 폭염 모두 조심하시길 바라요,0,20,0.0
140,봄은 아니지만 뽕차서 그렸어용  비가 진짜 엄청 많이 오던데 다들 조심하시구  폭염도 조심하시구    안전하셨음 좋겠어여      그림  그림러  그림계  그림쟁이  벚꽃         상시 커미션     s,아니지만 차서 그렸어용 진짜 오던데 조심하시구 폭염 조심하시구 안전하셨음 좋겠어여 그림 그림러 그림 그림 벚꽃 상시 커미션,0,116,0.0
141,경기도의회 웹드라마 인스타그램   지금  의회는       크랭크업  한여름 폭염  속에서 시작했던 촬영은 갑작스러운 폭우 와 함께  월  일 종료했습니다     서지수  러블리즈     s,경기도 의회 드라마 인스타그램 지금 의회 크랭크 한여름 폭염 시작 했던 촬영 갑작스러운 폭우 종료 했습니다 서지수 러블 리즈,1,106,0.009433962264150943
142,와    코로나안걸렸던 사람들도 줄줄이 걸리고있어    다들 비랑 폭염조심하시구 코로나도 조심하시구 손소독 마스크 꼭하세여 양산써보니까 좋더라구여 외출하실때 양산추천드립니다,코로나 걸렸던 사람 줄줄이 걸리고있어 폭염 조심하시구 코로나 조심하시구 손소독 마스크 하세여 양산 좋더라 외출 하실 양산 추천 드립니다,-2,96,-0.020833333333333332
143,아ㅠㅠㅠ 진짜 미치겠다  우리지역에도 오면 찐비상임 우리지역은 폭염주의보뜸,진짜 미치겠다 우리 지역 오면 비상 우리 지역 폭염 주의보,-3,41,-0.07317073170731707
144,남부지방   비가 아예 안 내림   햇빛 쨍쨍함   바람도 안 불고 있음       폭염  농작물 말라죽음  곤충들도 더워죽음,남부 지방 아예 내림 햇빛 바람 있음 폭염 농작물 말라 죽음 곤충 더워 죽음,1,70,0.014285714285714285
145,s        오전   시부터 폭염경보 알림이 왔던 오늘 같은 미친 날씨에 기어코 노동자들을 아스팔트 위로 쫓아낸 파리바게뜨 평생 불매,오전 폭염 경보 알림 왔던 오늘 같은 미친 날씨 기어 노동자 아스팔트 위로 쫓아낸 파리 바게뜨 평생 불매,0,76,0.0
146,여태 수업준비한다고 앉아서 일하다 이제서야 부랴부랴 카톡보고 너무 놀래서   오세이돈 재림이고 나발이고 더 이상 피해 없었으면 좋겠다  특히 우리 터친님들 비 피해 없으시길   부산은 며칠째 폭염경보 발효중,여태 수업 준비 한다고 앉아서 이제 서야 부랴부랴 카톡 보고 놀래서 이돈 재림 나발 이상 피해 없었으면 좋겠다 우리 터친 피해 없으시길 부산 며칠 폭염 경보 발효,-4,115,-0.034782608695652174
147,특보 발효현황 발효시각       년  월  일 화        이후    호우경보    호우주의보   폭염경보    폭염주의보     s,특보 발효 현황 발효 시각 이후 호우경보 호우 주의보 폭염 경보 폭염 주의보,-2,77,-0.025974025974025976
148,비는 여기가 와야지 내가 서울을 가는데에 여긴 폭염주의보나 뜨고 ㅠㅠㅠㅠㅠㅠ,비는 여기 와야지 서울 가는데에 여긴 폭염 주의보 뜨고,-6,42,-0.14285714285714285
149,특보 발효현황 발효시각       년  월  일 화        이후    호우경보    호우주의보    폭염경보    폭염주의보     s,특보 발효 현황 발효 시각 이후 호우경보 호우 주의보 폭염 경보 폭염 주의보,-2,78,-0.02564102564102564
150,농작물들이    땅이 푸석푸석하니까 기운이 없어 물을 줘도    따서 먹어도 쓴거만 대따 쓰더라구요 장난아니야 이번 폭염,농작물 푸석푸석하니까 기운 없어 줘도 따서 먹어도 쓴거만 쓰더라구요 장난 니야 이번 폭염,0,67,0.0
151,집중호우때문에 사망자도 오늘 아침 기준으로  명 나왔다는데     서울경기쪽 수도권 지역이면 다들 조심하세요  제발 가족들아 서로 몸조심하자  폭염이여도 막 나가있지말고 폭염도 집중호우만큼 무서운 자연재해니까    서로 몸조심합니다,집중호우 때문 사망자 오늘 아침 기준 나왔다는데 수도권 지역 이면 조심하세요 제발 가족 서로 몸조심 하자 폭염 나가있지말고 폭염 집중호우 무서운 자연재해 서로 몸조심 합니다,-1,129,-0.007751937984496124
152,다들 살아잇죠  폭염에 폭우에 장난 아니네요 우리 같이 안전하게 살아있어요,잇죠 폭염 폭우 장난 아니네요 우리 안전하게 살아있어요,0,41,0.0
153,하미친존나기여우어엉 휴닝카이 열심히 미세먼지 외치는 와중에 최수빈은 털귀마개로 촉감놀이     s,하미 존나 기여 우어 휴닝 카이 미세먼지 외치는 와중 최수빈 귀마개 촉감,0,54,0.0
154,영화 기생충에서 송강호네가 폭우로 침수된 다음날 조여정이  어제 비가 많이 와서 미세먼지도 없구 넘 조아   하고 송강호 앞에서 말하는 장면이 있거든요  그거에서 되게 충격을 받았는데    오늘같이 난 선선해서 좋은데 누군,영화 기생충 송강호 폭우 침수 다음 조여정 어제 와서 미세먼지 없구 하고 송강호 하는 장면 있거든요 그거 충격 받았는데 오늘 선선 해서 좋은데,-3,124,-0.024193548387096774
155,생지데님 운동금지 중구 미세먼지좋음 해외맘 종로 가 행복한그룹 횡성소개팅 거울샷 블루스     s,데님 운동 금지 중구 미세먼지 좋음 해외 종로 행복한 그룹 횡성 소개팅 거울 블루스,-1,54,-0.018518518518518517
156,형어니 포카 왔음  차도 어김없이 미세먼지 낀게 아쉽지만 얼굴은 쵝오      s,포카 왔음 차도 미세먼지 낀게 아쉽지만 얼굴 쵝오,0,45,0.0
157,무 무슨   이제부터 미세먼지는 저만 먹읗게요  샘은 노래만 불러주세요    ㅜㅠㅠㅠㅠ,무슨 이제 미세먼지 저만 먹읗게 노래 불러주세요,-5,48,-0.10416666666666667
158,아ㅂ느 포카 진짜   미세먼지 필터 좀 없애줘봐 공지에 뜬 포카 색감 기대했더니   실물도 조명 땜에 좀 진해보이는거구  ㅠㅠㅠ 형원이 얼굴이 다 했다     s,포카 진짜 미세먼지 필터 없애줘 공지 포카 색감 기대했더니 실물 조명 진해 보이는거구 얼굴 했다,-5,90,-0.05555555555555555
159,추억인건가 세상장난꾸러기 황금돼지띠 다이어트빠이 치동초 광고제작 미세먼지좋음 엄마생각 간만에업뎃 볼수록빠져드는 미쳤다     s,추억 건가 세상 장난꾸러기 황금돼지 다이어트 동초 광고 제작 미세먼지 좋음 엄마 생각 간만 업뎃 볼수록 빠져드는 미쳤다,0,71,0.0
160,도초도 강릉여행       s  아이들반찬 미세먼지차단 카페탐험대 케이시     s,도초도 강릉 여행 아이 반찬 미세먼지 차단 카페 탐험대 케이시,0,46,0.0
161,국가 재난상황에서 관저에서 숨어있던 대통령과 폭우가 내림에도 정시 퇴근했다   시 즈음 헐레벌떡 돌아왔던 서울시장이 자신들의 대응미숙 아니었다면 살릴수도 있었을 반지하 가족 사망사고 현장에서  저런 곳에도 사람이 사네 란,국가 재난 상황 관저 숨어있던 대통령 폭우 내림에도 정시 퇴근 했다 즈음 헐레벌떡 돌아왔던 서울시장 자신 대응 미숙 아니었다면 살릴수도 있었을 반지하 가족 사망 사고 현장 저런 사람 사네,-1,123,-0.008130081300813009
162,대선 때 언론과 국민들 반이 대체 무슨 짓을 한건지 조금이라도 깨달아야 함    년 만이네    년 만이네 하며 일일 최대폭우를 강조하는데   년만 되 돌아봐도 이번을 능가하는 최대폭우 매우 많다고      s,대선 언론 국민 대체 무슨 조금 달아야 만이 만이 하며 일일 최대 폭우 강조 하는데 돌아봐도 이번 능가 하는 최대 폭우 매우 많다고,0,117,0.0
163,s    s  산사태 위기경보  경계 로 상향   이례적인 폭우 발생으로  서울  인천  경기 지역에 산사태 위기경보가   주의 에서  경계 로 상향되었습니다    산사태로 고립되었을 경우 구조 요청   산림청 산림항공구조대,산사태 위기 경보 경계 상향 이례 폭우 발생 서울 인천 경기 지역 산사태 위기 보가 주의 경계 상향 되었습니다 산사태 고립 되었을 경우 구조 요청 산림청 산림 항공 구조대,0,125,0.0
164,이 물난리가 났는데 고립되서 나오질 못해 와중에 대책없이 폭우속에서 헬기 부르려다가 실패한 대통령아 솔직히 어젯밤에 니가 좀 젖을 의지가 있었어도 출근가능했었음 이런 날씨 일주일전부터 예고됐었는데 칼퇴해가지고 귀찮아서 안나온거,물난리 났는데 고립 되서 나오질 와중 대책 폭우 헬기 부르려다가 실패한 대통령 솔직히 어젯밤 의지 있었어도 출근 가능했었음 이런 날씨 일전 예고 됐었는데 칼퇴 해가지고 귀찮아서 나온거,-4,126,-0.031746031746031744
165,s           s   어제 폭우로 재난피해를 입으신 가구는 근처 건강가정지원센터에 긴급위기가족 지원 상담을 받아 보세요  각 센터별로 보유한 민간단체 등의 자원을 연계받거나 가구별 사례관리  재난지역 선포 시 정부지원 연계  아이돌봄,어제 폭우 재난 피해 입으신 가구 근처 건강 정지원 센터 긴급 위기 가족 지원 상담 받아 보세요 센터 별로 보유 민간 단체 자원 받거나 가구 사례 관리 재난 지역 선포 정부 지원 아이돌,0,134,0.0
166,s            폭우속 로켓배송 근황  쿠팡쪽은 진짜 뇌 빼고 사는 건가     s                s,폭우 로켓 배송 근황 쿠팡 진짜 빼고 사는 건가,0,67,0.0
167,지 지역구 포함 수도권에 온통 물난리가 났는데  씬나 맬맬 잼있다  트윗 올렸다가 삭제하고 올린 트윗이  오늘은 폭우로 길위에서 레일위에서 오랫동안   거의 굶었잔아  라면서 잔아잔아거리며 폭우 소재로 말장난치는 트윗,지역구 포함 수도권 온통 물난리 났는데 씬나 잼있다 트윗 올렸다가 삭제 올린 트윗 오늘 폭우 길위 레일 거의 굶었 아잔 거리 폭우 소재 말장난 치는 트윗,0,121,0.0
168,낭만넘치는 강남역 차주님   폭우  낭만  워터파크     s,낭만 넘치는 강남역 차주 폭우 낭만 워터파크,0,34,0.0
169,s            펌  강남역에서 아저씨 한 분이 배수관에 쌓여있는 쓰레기들 다 건져내니 물이 빠졌다는데   저 분이 대단하신것과 별개로 폭우예보를 진작부터 했는데 전혀 대비가 안 됐다는게 너무 화나고     s,강남역 아저씨 배수관 쌓여있는 쓰레기 건져내니 물이 빠졌다는데 대단하신것과 별개 폭우 예보 진작 했는데 전혀 대비 됐다는게 화나고,-2,121,-0.01652892561983471
170,ㅁㅈ 울 아빠 공무원인데 어제 밤   시에 집 도착       밤   시 비상 걸려서 다시 출근 그리고   시간 내내 소식 없음 이걸 매년 했어 폭우 폭설 기타 등등 아무튼 무슨 일 있을 때마다,아빠 공무원 어제 도착 비상 걸려서 다시 출근 그리고 시간 내내 소식 없음 매년 했어 폭우 폭설 기타 등등 무슨 있을,0,108,0.0
171,s     폭우에 고립되어봐야 아무도 구하러 안 오지만 대통령 죽이겠다고 트윗하면  시간 내에 경찰이 잡으러 올 듯,폭우 고립 되어 봐야 아무 하러 오지 대통령 죽이겠다고 트윗 하면 시간 경찰 잡으러,0,64,0.0
172,년 만의 폭우  등등의 이야기가 나오는데  그 이전의   년과 앞으로의   년은 사뭇 다르다는 것을 이해해야   온난화는 이전의 아웃라이어급 상황을 일상으로 만들 것은 분명하고  이전에는 본적이 없는 상황을 가져오,폭우 등등 이야기 나오는데 이전 사뭇 다르다는 이해해 온난화 이전 아웃 라이어 상황 일상 만들 분명하고 이전 본적 없는 상황 가져오,-6,119,-0.05042016806722689
173,어제오늘 수도권에 비 많이 오던데 트친분들 괜찮으신가요    저는 부산이라 더워디질것 같은데 위에 폭우가 온다니   다들 건강하고 열공  합시다,어제 오늘 수도권 오던데 트친 괜찮으신 가요 부산 더워 디질것 같은데 폭우 온다니 건강하고 열공 합시다,0,80,0.0
174,채인  플로리  폭우 조심하구   감기 조심하기  더쇼에서 만나      s,플로리 폭우 조심하구 감기 조심하기 더쇼 만나,0,42,0.0
175,서울에 어마어마한 폭우가 예보된 날에  한가롭게 런던아이를 능가하는 대관람차를 세우겠다는 발표를 한 서울시장이 있다구요           s,서울 어마어마한 폭우 예보 한가롭게 런던아이 능가 하는 대관람차 세우겠다는 발표 서울시장 있다구요,0,78,0.0
176,박원순 시장 때에는 여름 내내 장마  호우  태풍 대비를 했었고  피해가 거의 없었죠  오세훈이 시장을 하면 서울이 바로 잠깁니다  서울이 물에 잠기고 있는데 오세훈이는 어디서 뭐 하고 있나요  행안부장관은 뭐하고 있나요,박원순 시장 여름 내내 장마 호우 태풍 대비 했었고 피해 거의 없었죠 오세훈 시장 하면 서울 바로 잠깁니다 서울 잠기 있는데 오세훈 하고 있나요 행안부 장관 있나요,-2,123,-0.016260162601626018
177,네 서방님   비록여기는폭염주의보지만요     s,서방 비록 여기는 폭염 주의보,0,27,0.0
178,오늘은 걍 문 닫아야겠따 어차피 온라인은 집에서도 할 수 있구         폭우라 확실히 사람이 없다,오늘 닫아야겠 어차피 온라인 있구 폭우 확실히 사람 없다,0,57,0.0
179,강남역 인근에서 어떤 분이 하수구 뚜껑을 열고 거기에 쌓여있던 쓰레기를 빼내자 허벅지까지 차올랐던 물이 쑥 빠졌다고 하는데  이 분의 영웅적인 활약을 조명하기에 앞서 일주일 전부터 수도권의 폭우가 예보됐음에도 기본적인 하,강남역 인근 어떤 하수 뚜껑 열고 거기 쌓여있던 쓰레기 내자 허벅지 차올랐던 물이 빠졌다고 하는데 영웅 활약 조명 하기에 앞서 일주일 수도권 폭우 예보 됐음에도 기본,0,123,0.0
180,s   안녕하십니까  폭우 침수 피해로 인하여 본래   일 강남  모나코 스페이스  에서 개최될 예정이었던 행사가   일  스페이스 쉐어 삼성     센터                로 변경 결정 되었습니다    행사,안녕하십니까 폭우 침수 피해 인하여 본래 강남 모나코 스페이스 개최 예정 이었던 행사 스페이스 쉐어 삼성 센터 변경 결정 되었습니다 행사,0,121,0.0
181,s   밤에 폭우가 올 줄 어떻게 알고 시장이 퇴근도 못하냐      이미 낮부터 서울에는 폭우가 왔습니다   그래서 호우경보도 낮부터 발령중이었습니다  호우경보라는 게    그냥 우앙 비 짱짱 많이 옴 선언이 아니잖아요,폭우 어떻게 시장 퇴근 하냐 서울 폭우 왔습니다 호우경보 발령 이었습니다 호우경보 그냥 짱짱 선언 아니잖아요,0,123,0.0
182,재난은 결코 공평하지 않습니다    공평하지 않은 재난이 우리를 덮칠 때  최소한의 안전막이 되어주는 것이 국가입니다  그러나 국가마저 그 기능을 상실 포기 했을 때 우리는 서로의 곁에 서 있을 수 밖에 없습니다    폭우,재난 결코 공평하지 않습니다 공평하지 않은 재난 우리 최소한 안전 되어주는 국가 입니다 그러나 국가 기능 상실 포기 했을 우리 서로 있을 없습니다 폭우,0,124,0.0
183,와 너무 심각한데  쓰나미아닌가 저정도면,심각한데 쓰나미 아닌가 정도,1,22,0.045454545454545456
184,호우가 일어났을때 자연재난행동요령이래요ㅠㅠ  다들 집에 구급약품  손전등  식수  비상식량  라디오  핸드폰 충전기  휴대용 버너  담요 등 비상용품   꼭 점검 한번씩 하기에요 ㅠㅠㅠ  이미지는 호우 침수 관련 글,호우 일어났을 자연 재난 행동 요령 구급 약품 손전등 식수 비상식량 라디오 핸드폰 충전기 휴대 버너 담요 비상 용품 점검 한번 하기에요 이미지 호우 침수 관련,-5,120,-0.041666666666666664
185,이게 얼마나 큰 일이냐면   정작 비가 내려야하는 농촌지역에는 비가 안오고 땅이 매말라갈 정도의 가뭄인데 정작 비가 많이 내리면 취약한 도시쪽에선 홍수가 일어난다는게 너무 괴담이다    이거 누가 알티해서 많은 사람들이,얼마나 일이 정작 내려 야하는 농촌 지역 오고 정도 가뭄 정작 내리면 취약 도시 홍수 일어난다는게 괴담 누가 알티 해서 많은 사람,1,122,0.00819672131147541
186,s                    근처에 싱크홀이 발생해 반지하방에 갑자기 물이 차오르기 시작했고 옆집과 윗집에 살던 주민이 필사적으로 창문을 뜯어서 구출하려 했지만 물이 너무 빨리 차서 손을 쓸 수가 없었다고  너,근처 싱크홀 발생 지하방 갑자기 물이 차오르기 시작 했고 옆집 살던 주민 필사 창문 뜯어서 구출 하려 했지만 물이 차서 수가 없었다고,-2,122,-0.01639344262295082
187,동공지진 났어 ㅋㅋㅋ     s,동공 지진 났어,0,17,0.0
188,노원구 및 상계 인근 주민여러분  산사태 경보입니다  밖에 있지 마세요  산사태 경보는 토양 함수율      때 내려집니다  땅이 품을 수 있는 최대한도의 비가 내렸습니다    나무가 기울어져 있거나  비탈에서 갑자기 물이,노원구 상계 인근 주민 여러분 산사태 경보 입니다 있지 마세요 산사태 경보 토양 함수 내려집니다 있는 최대한 도의 내렸습니다 나무 기울어져 있거나 비탈 갑자기 물이,-1,124,-0.008064516129032258
189,진짜 오늘처럼 비가 너무 많이 오는 날은 표 무료취소 시켜줘야 하는거 아니냐 제작사들아 정부에서도 호우주의 경보 때리고 지하철 역은 침수되고 난리인데,진짜 오늘 오는 무료 취소 시켜줘야 하는거 아니냐 제작사 정부 호우 주의 경보 때리고 지하철 역은 침수 되고 난리,1,83,0.012048192771084338
190,s    윤 자택서 실시간 보고 받으며 호우 피해 점검  이거랑 집에서 s s로 상황 지켜보면서 어떡해 어떡해 하고 있는 나랑 크게 차이가,자택 실시간 보고 받으며 호우 피해 점검 상황 지켜보면서 어떡해 어떡해 하고 있는 크게 차이,-6,77,-0.07792207792207792
191,나진짜 주글뻔했어 눈앞에서 산사태나서 내 앞앞차 깔렸음 이거 맞냐고   ㅜ     s,진짜 뻔했어 눈앞 산사태 나서 앞앞 깔렸음 맞냐고,-1,47,-0.02127659574468085
192,낮부터 호우주의보 떴는데 대기 안함    배민도 아니면서  도착 예정     세종을 간 이유   종합상황실이 있던 청와대를 못 쓰니까ㅎ     s,호우 주의보 떴는데 대기 안함 배민 아니면서 도착 예정 세종 이유 종합 황실 있던 청와대 쓰니까,1,81,0.012345679012345678
193,차가 여기저기 다 그냥 서있고 산사태야   돌이랑 흙들이ㅠㅠㅠ     s,차가 여기저기 그냥 서있고 산사태 돌이,-3,40,-0.075
194,지하철 침수에다 역사 천정이 무너지고  도로는 물에 잠기고  산사태 비상에       년 폭우로 우면산 산사태     년 강남역 침수사태     년에도 광화문 물난리로 난리가 났었다   저지대 주민분들 조심하시고,지하철 침수 역사 천정 무너지고 도로 잠기 산사태 비상 폭우 우면산 산사태 강남역 침수 사태 광화문 물난리 난리 났었다 지대 주민 조심하시고,-1,118,-0.00847457627118644
195,와 ㅅㅂ 가천대 기숙사 산사태 났나봄     s,가천대 기숙사 산사태 났나,0,26,0.0
196,재난 상황에서는 트위터가 소식이 제일 빨라요  지난 몇년전 지진 시에도 트위터 소식이 제일 빨랐어요  전화통화 카톡 다 먹통되었었고   재난이 발생하면 트친들끼리 정보를 공유하는 것도 필요합니다   예를 들어 어디로 대피,재난 상황 트위터 소식 제일 빨라요 지난 년전 지진 트위터 소식 제일 빨랐어요 전화통화 카톡 먹통 되었었고 재난 발생 하면 트친 끼리 정보 공유 하는 필요합니다 들어 어디 대피,-3,123,-0.024390243902439025
197,이래도 됩니까     다른 지역에서 사망자도 나오고 폭우로 수도권 전체가 고통스럽습니다     미추홀구에 어제  일       의 비가 내렸고  오후  까지   건의 피해가 접수됐고  산사태 주의보가 내려졌습니다   밤사,됩니까 다른 지역 사망자 나오고 폭우 수도권 전체 고통스럽습니다 미추홀 어제 내렸고 오후 건의 피해 접수 됐고 산사태 주의보 내려졌습니다 밤사,-2,123,-0.016260162601626018
198,속보  서울 노원구 상계 중계동 산사태 경보 발령     s           s,속보 서울 노원구 상계 중계동 산사태 경보 발령,0,45,0.0
199,ssss  아랫지방 현재상황   서울 물난리 난 것도 몰랐음 걍 우리나라에 비가 오는 줄도 몰랐음 가뭄 개오지고 저수지는 거즘 바닥보임 매미소리 하루종일 들으니까 미치겠음     s                 s,아랫 지방 현재상황 서울 물난리 몰랐음 우리나라 오는 몰랐음 가뭄 개오지 저수지 거즘 바닥 보임 매미 소리 하루 종일 들으니까 미치겠음,0,119,0.0
200,s   속보  중대본  서울   경기 호우로 사망  명   실종  명   부상  명      뉴스     s,속보 대본 서울 경기 호우 사망 실종 부상 뉴스,0,60,0.0
201,s  s  뭔 개소리죠    영상   대통령 호우 대처 아쉬운 점  묻자  서해 공무원 피살 무대처가 문제이지      다음 뉴스     s,소리 영상 대통령 호우 대처 아쉬운 묻자 서해 공무원 피살 무대 처가 문제 다음 뉴스,-1,78,-0.01282051282051282
202,s      간밤의 무서운 폭우와 천둥번개  워낙 피해가 커서 안녕을  묻기 무서울 정도입니다  사망도  명  오늘도 폭우가 이어지는데 부디 무서운 산사태 사고는 없기를      년의 악몽이 떠오릅니다  부디 무사하시기를  부디 피해가,간밤 무서운 폭우 천둥 번개 워낙 피해 커서 안녕 묻기 무서울 정도 입니다 사망 오늘 폭우 이어지는데 부디 무서운 산사태 사고 없기를 악몽 떠오릅니다 부디 무사하시 기를 부디 피해,-1,131,-0.007633587786259542
203,조만간     가겠군    영상   대통령 호우 대처 아쉬운 점  묻자  서해 공무원 피살 무대처가 문제이지        s,조만간 가겠군 영상 대통령 호우 대처 아쉬운 묻자 서해 공무원 피살 무대 처가 문제,-1,69,-0.014492753623188406
204,청와대에 있으면 국민 목숨 살릴수 있었는데 왜 우리나라 공무원은 죽었어  강원도에서 산불나서 물난리나서 왜 사람 죽었어  경주에 지진나서 사람은 왜 죽었냐고  청와대에 나랏님이 있으면 재해로 사람이 안죽는다면 그많은,청와대 있으면 국민 목숨 살릴수 있었는데 우리나라 공무원 죽었어 강원도 산불 나서 물난리 나서 사람 죽었어 경주 지진나서 사람 죽었냐고 청와대 나랏님 있으면 재해 사람 죽는다면 많은,-2,120,-0.016666666666666666
205,참고로 오래가는건 파란색이래요 지진 겪은 일본트친이 알려줌 펜라이트에 봉지 씌우면 더 밝아집니다,참고 가는건 파란색 지진 겪은 트친 알려 라이트 봉지 씌우면 밝아집니다,0,53,0.0
206,발구르는중 지진이날수있으니조심하시오,구르는 지진 날수있으니 조심하시오,0,19,0.0
207,s            속보  서울 노원구 상계 중계동 산사태 경보 발령  출처   매일신문   네이버 뉴스      s,속보 서울 노원구 상계 중계동 산사태 경보 발령 출처 매일신문 네이버 뉴스,0,67,0.0
208,s       년  월  일 당시  문재인 정부 호우 대처 긴급 상황 점검 회의 모습      년  월  일 어제  한총리의 호우 대처 긴급 상황 점검 회의 모습      s          s,당시 문재인 정부 호우 대처 긴급 상황 점검 회의 모습 어제 총리 호우 대처 긴급 상황 점검 회의 모습,1,108,0.009259259259259259
209,서울 중구 등   개 시  군에 산사태 경보 발령됐다는데 재난 문자는 제대로 발송되고 있는건가,서울 중구 산사태 경보 발령 됐다는데 재난 문자 제대로 발송 되고 있는 건가,0,52,0.0
210,지금까지 내가 본 목격담 호우버디      산책  딘깅 사진 찍어준 호시 준앤잇앤전      맛있는거 먹으러 간듯   디에잇군  춤을 추면서 걸었다 는 제보 투명카약즈      자전거 경주급 릴레이 홍앤밍      새벽 백화점  길 물어,지금 목격담 호우 버디 산책 딘깅 사진 찍어 호시 준앤 앤전 맛있는거 먹으러 간듯 잇군 추면서 걸었다 제보 투명 카약 자전거 경주 릴레이 홍앤밍 새벽 백화점 물어,-2,132,-0.015151515151515152
211,s   퇴근을 하고싶었나 봄    대통령 평생하나  몇년 최선을 다해 가뭄도 내 잘못이고 홍수도 내 잘못이라며 작은 일도 꼼꼼히 챙기고 해결하겠다는 그런 마음이 있어야죠    국정 철학의 문제지   내가 뭐 물 퍼낼것도 아니고 담당자,퇴근 하고싶었나 대통령 평생 하나 최선 다해 가뭄 잘못 홍수 잘못이라며 작은 일도 꼼꼼히 챙기고 해결 하겠다는 그런 마음 있어야죠 국정 철학 문제 퍼낼것도 아니고 담당자,-1,130,-0.007692307692307693
212,s          횡성에서 산사태로 한 분 돌아가셨대 속상하다  고인의 명복을 빕니다,횡성 산사태 돌아가셨대 속상하다 고인 명복 빕니다,0,48,0.0
213,ss  지금 시점에서 서울시 인사 공백과 하수 처리 예산 문제를 논하는게 가장 기본인데 어떻게  세훈이형  욕을 안할 수가 있나  게다가 어제 오전부터 호우 예보가 있었으니  세훈이형  쉴드를 칠거면 상습 피해 지역 중,지금 시점 서울시 인사 공백 하수 처리 예산 문제 하는게 가장 기본 어떻게 세훈 이형 수가 있나 게다가 어제 오전 호우 예보 있었으니 세훈 이형 쉴드 칠거면 상습 피해 지역,-4,122,-0.03278688524590164
214,s       s                    산사태로 남한산성 인근    세대 고립 전화도 먹통,산사태 남한 산성 인근 세대 고립 전화 먹통,-2,57,-0.03508771929824561
215,봄은 늘 가뭄이고 여름은 늘 수해가 난다   모든 것은 결국 돈인데 그 모든 것에 자연재해는 제외된다  인류의 문명은 상당히 발전했지만 폭우 하나를 감당못해   강수량 맥스치 설정해서 재난에 대비한다던   년 전의 계획이,가뭄 여름 수해 난다 모든 모든 자연재해 제외 된다 인류 문명 상당히 발전 했지만 폭우 하나 감당 강수량 맥스 설정 해서 재난 대비 한다던 전의 계획,-7,123,-0.056910569105691054
216,s   영상   대통령 호우 대처 아쉬운 점  묻자  서해 공무원 피살 무대처가 문제이지       s             s         s,영상 대통령 호우 대처 아쉬운 묻자 서해 공무원 피살 무대 처가 문제,-1,81,-0.012345679012345678
217,s  서울 노원 도봉 종로구  산사태 경보 주의보 발령     s,서울 노원 도봉 종로구 산사태 경보 주의보 발령,0,36,0.0
218,s  강원 횡성 산사태로 주택 매몰 평창선 급류에  명 숨져     뉴스     s,강원 횡성 산사태 주택 매몰 평창 급류 숨져 뉴스,0,46,0.0
219,영상   대통령 호우 대처 아쉬운 점  묻자  서해 공무원 피살 무대처가 문제이지      다음 뉴스     s               s   박형수 원내대변인  어디서 지시했느냐는 문제 될 수 없어        s                s,영상 대통령 호우 대처 아쉬운 묻자 서해 공무원 피살 무대 처가 문제 다음 뉴스 박형수 원내 대변인 지시 했느냐는 문제 없어,-1,138,-0.007246376811594203
220,나라에 가뭄이나 홍수가 계속되어 곡식이 익지 않으면 그 허물을 왕에게 돌려 왕을 바꾸거나 죽여야 한다고 했다  그 결과 마여가 죽고 그의 아들인 여섯 살짜리 의려를 세워 왕으로 세웠다    삼국지 부여조   이 시대랑 상관,나라 가뭄 홍수 계속 되어 곡식 익지 않으면 허물 돌려 바꾸거나 죽여야 한다고 했다 결과 마여 죽고 아들 여섯 짜리 의려 세워 세웠다 삼국지 부여 시대 상관,0,124,0.0
221,s               오세훈 서울시장 때 우면산 산사태로 사망   명  이재명 성남시장 때 판교환풍구 참사로 사망   명  이 두놈은 정말 어휴,오세훈 서울시장 우면산 산사태 사망 이재명 성남시장 교환 풍구 참사 사망 정말 어휴,1,84,0.011904761904761904
222,s     오세훈을 각 가뭄지역에 분할설치하자,오세훈 가뭄 지역 분할 설치 하자,0,25,0.0
223,서울  인천에 홍수가 나서 곳곳이 물에 잠기고 폐쇄하는 지하철역이 수십 곳이고  길이 물에 잠겨서 차들이 꼼짝달싹 못하거나 물에 둥둥 떠내려가고 있는데  재난 직접 책임자인 서울시장  행안부장관  인천시장  대통령은 코빼기도,서울 인천 홍수 나서 곳곳이 잠기 폐쇄하 지하철역 수십 길이 잠겨서 꼼짝 달싹 거나 둥둥 떠내려가고 있는데 재난 직접 책임자 서울시장 행안부 장관 인천 시장 대통령 빼기,0,125,0.0
224,싱크홀생겨서 트럭 빠짐   아스팔트 다 일어남   여긴 신논현입니다      s,싱크홀 생겨서 트럭 빠짐 아스팔트 일어남 여긴 논현 입니다,-1,44,-0.022727272727272728
225,s    과거 오세이돈 시절 강남역 호우로 인해 진흥아파트 앞 인도에서 행인이 감전사하는 사고가 보도되자 진흥아파트 주민들이 집값 떨어진다고 ㅈㄹㅈㄹ하며 민원넣는 바람에 기사가 삭제되었던 기억이 있슴 덕분에 그 상황은 여전히 반복되,과거 이돈 시절 강남역 호우 인해 진흥 아파트 인도 행인 감전사 하는 사고 보도 되자 진흥 아파트 주민 집값 떨어진다고 하며 민원 넣는 바람 기사 삭제 되었던 기억 있슴 덕분 상황 여전히 반복,0,129,0.0
226,이 땅의 오랜 가뭄은 지구상 어딘가엔 폭탄처럼 비가 퍼붓는다는 뜻  지구를 떠도는 물의 총량은 일정하고 재앙은 서로 연결되어 있다,가뭄 지구 어딘가 폭탄 퍼붓는다는 지구 물의 총량 일정하고 재앙 서로 연결 되어 있다,1,72,0.013888888888888888
227,s                      동공지진  내   내일이는 거짓말 같은 거 안 할 거 같은데         되게 진실되어 보였어    비록 말은 못했지만    아무튼 표정이,동공 지진 일이 거짓말 같은 같은데 진실되어 보였어 비록 했지만 표정,1,101,0.009900990099009901
228,수도권과 강원도에는 호우 특보가 내려진 가운데 시간당         의 비가 내리는 곳이 있습니다      s                       s,수도권 강원도 호우 특보 내려진 가운데 시간 내리는 있습니다,1,85,0.011764705882352941
229,초밥까지 깔아놨어  밀려드는 감동의 쓰나미를 후란이 정신없이 받아서 고맙다고 움쬬움쬬 해주는데 누구씨가 슬쩍 허리를 감싸더니 저런 멘트 날리고 있는거야  꽤 오래 못 보기도 했고   왜 저런말하는지도 알겠는      s,초밥 깔아놨어 밀려 드는 감동 쓰나미 후란 받아서 고맙다고 움쬬움쬬 해주는데 누구 허리 감싸더니 저런 멘트 날리고 있는거야 보기 했고 저런말하는지도 알겠는,-1,122,-0.00819672131147541
230,민주정부때 지진이고 태풍이고 미리 재난경고하고 분주하게 움직이면 왜이렇게 별일 아닌걸로 피곤하게 호들갑이냐 세금낭비한다 쇼한다 이런 반응 많았음 ㅇㅇ,민주 정부 지진 태풍 미리 재난 경고 분주하게 움직이면 별일 아닌 피곤하게 호들갑 세금 낭비한다 한다 이런 반응 많았음,1,83,0.012048192771084338
231,성심당 홈페이지 깄다가 이게 보여서 이번 호우 때문인줄 았았는데  저번달 호우 때문이었에     s               s,성심당 홈페이지 깄다 이번 호우 때문 았았 는데 저번 호우 때문 이었에,0,71,0.0
232,서울시 수방 치수예산     년보다    억원 줄어     년까지 증가 추세에서     년 이후 감소로   종전에는 서울시가 호우 대비해서 저류조 공사를 미리 진행하고 큰 도로 배수시설도 사전에 점검  정리하곤 했어요  기후관,서울시 치수 예산 억원 줄어 증가 추세 이후 감소 종전 서울시 호우 대비 해서 공사 미리 진행 도로 배수 시설 사전 점검 정리 했어요 후관,-1,126,-0.007936507936507936
233,순훈  호우  영뾰  아기토끼벼머리했더라     s,순훈 호우 영뾰 아기 토끼 머리 했더라,0,28,0.0
234,이거 뭔데   인용임  동공지진     s              s,인용 동공 지진,0,38,0.0
235,영상   대통령 호우 대처 아쉬운 점  묻자  서해 공무원 피살 무대처가 문제이지       윤석열 대통령만의 문제가 아니었음을 알았습니다  재난을 물으니 갑자기 딴소리 하는 국민의힘     s        s,영상 대통령 호우 대처 아쉬운 묻자 서해 공무원 피살 무대 처가 문제 윤석열 대통령 문제 아니었 알았습니다 재난 물으니 갑자기 소리 하는 국민,-1,117,-0.008547008547008548
236,s     기록적인 폭우가 온게 기후 변화가 아니라 그냥 그런게 가끔 발생라는거라고   아니 씨바 그게 한국에서만 있었던 거면 말이 되지  유럽 기록적인 폭염 켄터키 기록적인 폭우 미국 서부 산불에 기록적 가뭄  전 세계가 이,기록 폭우 기후 변화 아니라 그냥 그런게 가끔 발생 아니 씨바 그게 한국 있었던 되지 유럽 기록 폭염 켄터키 기록 폭우 미국 서부 산불 기록 가뭄 세계,-2,126,-0.015873015873015872
237,s           년 호우 대처 회의 모습     년 호우 대처 회의 모습     s,호우 대처 회의 모습 호우 대처 회의 모습,0,49,0.0
238,푸딩케이크요     동공지진  선생님 거기가 어딘가요,푸딩 케이크 동공 지진 선생님 거기 어딘가,0,29,0.0
239,싸이가 가뭄에 흠뻑쑈한다고 그렇게 손기락질 받았잖아  특히 좌파 것들한테  비록  현직은 아닌 전직이라도 대통령이었다면 물난리가 났는데 자기는 제주에서 신나게 물놀이 중이라고 s s에 사진으로 올리는 것은 욕먹을만 하지 않냐 좌,싸이 가뭄 흠뻑쑈한다 손기락질 받았잖아 좌파 비록 현직 아닌 전직 대통령 이었다면 물난리 났는데 자기 제주 신나게 물놀이 중이 사진 올리는 욕먹을만 하지 않냐,-2,127,-0.015748031496062992
240,s           서울시에서는 산사태  축대 및 담장 파손 지역  침수된 도로 및 주택 상가 등은 최대한 빠른 시간 내 복구될 수 있도록 최선을 다하고 있습니다  시민 여러분께서는 재난문자 및 기상상황 등을 수시로 확인해 주시고  가급적,서울시 산사태 축대 담장 파손 지역 침수 도로 주택 상가 최대한 빠른 시간 복구 있도록 최선 있습니다 시민 여러분 재난 문자 기상 상황 확인 주시,-2,134,-0.014925373134328358
241,어제부터 강원도 산간 내륙지역에 많은 비가 내려 침수  산사태 등의 피해가 발생하고 있습니다  물가와 산사태 위험지역  감전의 위험이 있는 고압전선 근처를 피해주시고  산사태예보가 내려진 춘천  홍천  횡성  철원,어제 강원도 산간 지역 많은 내려 침수 산사태 피해 발생 있습니다 물가 산사태 위험 지역 감전 위험 있는 고압 전선 근처 해주시고 산사태 보가 내려진 춘천 홍천 횡성 철원,-4,119,-0.03361344537815126
242,지자체장과 정부는  월이되면 배수구 걸림여부 확인하고  산사태  극한 더위 대비 작업을 해야 하지 않냐구   그게 상식아냐   이제와서 배수구 막힘 타령하고 있는게 말이되냐구   일하기 싫으면 그냥 꺼져   이 닭대가리야,지자체 정부 되면 수구 걸림 여부 확인 산사태 극한 더위 대비 작업 해야 하지 않냐구 그게 상식 아냐 이제 수구 막힘 타령 있는게 되냐구 하기 싫으면 그냥 꺼져 대가리,-1,123,-0.008130081300813009
243,s           지금 우리 집 옆 라인 산사태가 나서 소방관분들 집집마다 초인종 누르고 대피하라고 ㅠ 급하게 지갑만 들고 나왔는데 도로가 엉망이라 못 빠져나올 뻔ㅠ  와   이게 무슨 일이야     어디로 가야해,지금 우리 라인 산사태 나서 소방관 집집 초인종 누르고 피하 급하게 지갑 들고 나왔는데 도로 엉망 빠져나올 무슨 일이 어디 가야해,-4,121,-0.03305785123966942
244,s        산사태가 발생해 주택 한 채를 덮쳤고   대 남성이 매몰돼 숨졌습니다       s,산사태 발생 주택 쳤고 남성 매몰 숨졌습니다,-2,55,-0.03636363636363636
245,한국 간 과외쌤이   한국 장마보고       정말 고맙다고해서   뭐지  쌤이   가뭄으로 고통받았었나  아무리 그래도 재해 상황에 쫌 아니지않나   했는데 완전 반대래   어이 없을 정도로 불만스러운 일      s,한국 과외 한국 장마 보고 정말 고맙다고 해서 가뭄 고통 받았었나 재해 상황 아니지 않나 했는데 완전 반대 어이 없을 정도 불만,-1,122,-0.00819672131147541
246,이쯤되면 오세훈은 가뭄지역 시장해야되는 거 아닌지,이쯤 되면 오세훈 가뭄 지역 시장 해야 되는 아닌지,-2,27,-0.07407407407407407
247,s     아니 가뭄이한창인데흠뻑쇼같은걸하니까예수님이빡친거아녜요,아니 가뭄 이한창 흠뻑 같은걸 하니까 예수님 빡친거아,0,35,0.0
248,지금 댓글 달리는 거 보고 동공지진 나서 굽 없는 거 신어야 하나 고민 중이에야,지금 댓글 달리는 보고 동공 지진 나서 없는 신어 하나 고민 중이,0,44,0.0
249,서울에 폭설이 내리고 난리가 날 때 눈 구경 할 일 없던 지방에 살던 나는 그 모습이 마치 다른 나라 같았다  지금 수도권의 물난리도 중남부에서 오래도록 가뭄에 시달리는 지역민에게는 그렇게 아득히 멀게 느껴지겠구나 한다,서울 폭설 내리고 난리 구경 없던 지방 살던 모습 마치 다른 나라 같았다 지금 수도권 물난리 남부 가뭄 시달리는 지역 아득히 멀게 느껴지겠구나 한다,0,122,0.0
250,섬에서 내려서 스스로 생각하기에 자신이랑 비슷하게 생긴 사람  험악 근육 몸을 뒤덮은 문신 상탈  가리키면서    귀엽지  속닥       요이    동공지진   하는 게 보고 싶다  내 생각이 맞았나봐       s             s,내려서 스스로 생각 하기에 자신 비슷하게 생긴 사람 험악 근육 덮은 문신 상탈 가리키면서 귀엽지 속닥 동공 지진 하는 보고 싶다 생각 맞았나,-1,135,-0.007407407407407408
251,s        현재 수도권  강원내륙 산지에 호우특보가 발효된 가운데  서울  인천  경기북부와 강원북부 중심 시간당        의 매우 강한 비 내리는 곳 있습니다   최신 기상정보 및 특보상황  실시간 레이더영상 등을 참고해주시,현재 수도권 강원 산지 호우 특보 발효 가운데 서울 인천 북부 강원 북부 중심 시간 매우 강한 내리는 있습니다 최신 기상 정보 특보 상황 실시간 레이더 영상 참고 해주시,0,131,0.0
252,s        윗쪽은 비피해 남쪽은 극심한 가뭄  그래서 터는 함부로 옮기는게 아니다,윗쪽 피해 남쪽 극심한 가뭄 함부로 옮기는게 아니다,-2,48,-0.041666666666666664
253,s s    s    계양구청  계양구 산사태 발생 위험이 높음  산림 및 발생 우려지역 주민과 방문객은 입산 금지 및 산에서 떨어진 안전한 곳으로 대피해 주시기 바랍니다    계양구청  안전안내문자  재난문자,계양 구청 계양구 산사태 발생 위험 높음 산림 발생 우려 지역 주민 방문객 입산 금지 떨어진 안전한 피해 시기 바랍니다 계양 구청 안전 안내 문자 재난 문자,-2,117,-0.017094017094017096
254,호우  순훈   그 호랑이랑 산신령 이제 인간행세 꽤 잘한다네요     s,호우 순훈 호랑이 산신령 이제 인간 행세 한다네요,1,41,0.024390243902439025
255,중부 집중호우  서울  개 자치구 산사태 경보 주의보 발령     s,중부 집중호우 서울 자치구 산사태 경보 주의보 발령,0,38,0.0
256,스쿠이타 메인으로 유지른 먹는 사람임네다      고유  후시이타는 소비만 하는데   그릴지 안그릴지는 몰라용   그림은 가뭄에 콩나듯 하고 파우치를 만듭니다    숨쉬듯이 여체화를 하니 지뢰시면 계정뮤트추천드립니당,스쿠 이타 메인 지른 먹는 사람 고유 후시 이타 소비 하는데 그릴 그릴지는 몰라용 그림 가뭄 하고 파우치 만듭니 숨쉬듯이 여체화 하니 지뢰 계정 뮤트 추천 드립니당,-1,120,-0.008333333333333333
257,국민의힘 박형수 원내대변인   윤석열 대통령 호우 대처 아쉬운 점  묻자  서해 공무원 피살 무대처가 문제이지       s                   머릿속에  북풍 공작  네글자 외에 아무것도 들어있는게 없다보니,국민 박형수 원내 대변인 윤석열 대통령 호우 대처 아쉬운 묻자 서해 공무원 피살 무대 처가 문제 머릿속 북풍 공작 글자 아무 들어있는게 없다 보니,-1,123,-0.008130081300813009
258,년  월  일 기록적인 호우로 인한 강남 침수로 오세훈의 대권꿈도 떠내려가버림    년 전 수해 기억하는 서초구민 강남구민 많아요      s,기록 호우 인한 강남 침수 오세훈 대권 떠내려가 버림 수해 기억 하는 서초 구민 강남 구민 많아요,-2,79,-0.02531645569620253
259,서울에 폭설이 내리고 난리가 날 때 눈 구경할 일 없던 남쪽 끄트머리에 살던 나는 그 모습이 마치 다른 나라의 재난 같았다  중남부에서 오래도록 가뭄에 시달리는 지역민에게는 지금 수도권의 물난리도 그렇게 아득히 멀게 느껴지겠구나 한다,서울 폭설 내리고 난리 구경 없던 남쪽 끄트머리 살던 모습 마치 다른 나라 재난 같았다 남부 가뭄 시달리는 지역 지금 수도권 물난리 아득히 멀게 느껴지겠구나 한다,0,130,0.0
260,이미 사추 육아로 경력직이긴 했지만 위무선이 낳은 아이들 덕에 정말로 부친이 된 남망기  가졌을 때도 낳아만 주면 세상 전부를 다 줄 것처럼 굴더니 낳고 난 뒤엔 정말로 모든 육아를 자처해 남망기 출장간 날 처음으로 위무선이 아이,육아 경력 이긴 했지만 무선 낳은 아이 부친 남망기 가졌을 낳아만 주면 세상 전부 굴더니 낳고 모든 육아 자처 남망기 출장 처음 무선 아이,2,128,0.015625
261,흐아앙이 그뜻이었어요  ㅇ ㅇ  동공지진     s,흐아앙 이었어요 동공 지진,0,28,0.0
262,정말 대통령실 통째로 개판이구나  대가리 제대로 된 놈이 한개도 없네   영상   대통령 호우 대처 아쉬운 점  묻자  서해 공무원 피살 무대처가 문제이지         s,정말 대통령실 통째 개판 대가리 제대로 개도 없네 영상 대통령 호우 대처 아쉬운 묻자 서해 공무원 피살 무대 처가 문제,0,96,0.0
