,tokens,tone
0,서울 되련 뭣같 이돈 뭣같 지옥런 새끼 뭣같 산불 보러 간다 했으면서 멀쩡한 컨트롤 타워 버리고 침수 궁댕 뭉개 있던 새끼 뭣같음,NaN
1,지겹게 이어지던 산불 가득하다,-1.0
2,이번 뉴스 해도 파키스탄 지난 주간 폭우 사망 미국 켄터키주 폭우 사망 이란 폭우 사망 미국 서부 산불 계속 번지 작년 도를 찍고 전소 캐나다 튼시 올해,NaN
3,이상 화재 사람 죽어 도지사 떡볶이 먹방 찍고계셨던 말씀 셨습,-1.0
4,재난 닥치니 진짜 문재인 대통령 이낙연 총리 시절 그리워 죽겠음 그때 산불 났을 어떻게 했냐 다른 거도 비슷함 총리 상황 정리 브리핑 노란 잠바 입고 앉으셔서 산림청 소방청 강원도 있는 관계 기관 짚으며 현재,-1.0
5,너희 메시아 이재명 대통령 이었으면 달랐을까 재난 상황 꼴값 떨었던 이재명 판교 풍구 사고 이재명 어떻게 행동 했나 알아봐 쿠팡 화재 때문 소방관 죽어 했는지도 알아보고 코로나,-1.0
6,윤석열 울진 산불 재민 찾아 있더라도 헬기 타고 와야죠 다음 뉴스,NaN
7,속초 산불 속초시 전날 제주도 여행 떠났다가 당일 비행기 없어 다음 비행기 부랴부랴 올라온 바람직하지 않은 처신 비난 했던 언론 기억 그런데 서울 복판 물난리 기적 대면,-1.0
8,윤석열 폭우 출근 비난 하면서 이재명 쿠팡 화재 먹방 모른 이낙연 산불 재해 막은 아프리카 돼지 열병 막은 무시,-1.0
9,미드 뉴스룸 년전 나온 장면 지금 탄소 예산 기가톤 정도 남았고 대기 이산화탄소 농도 여기 하는 대량 이민 산불 폭풍 식량난 식수 부족 역병 같은 포스트 아포칼립스 세계 맛보고있네,-1.0
10,물난리 새끼 슬슬 이재명 이었으면 어쩌 하면서 드릉대 같은데 이재명 호로 새끼 쿠팡 화재 떡볶이 먹던 없고 추석 코로나 아웃브레이크 시작 되고 다음 여름 폭우 있었는,-1.0
11,쿠팡 대형 화재 깔깔 웃으면서 떡볶이 먹방 하는거 생생하게 봤는데 올려,0.3333333333333333
12,엄니 년차 공무원 재난 상황 비상 근무 없었음 여기는 와서 현재 침수 피해 없지만 조금 오거 산불 난다거나 하면 비상 근무 새벽 퇴근 새고 담날,-1.0
13,이재명 대통령 추첨 기간 동안 삼척 울진 산불 났을 방문 시간 주작 하던 위인,-1.0
14,이낙연 총리 시절 강원도 산불 저지를 위해 전국 모여드는 소방관 소방차 소방차 행렬 보고 감명 받았습니다,NaN
15,이재명 재난 대처 하는 방식 코로나 이후 재난 원금 노래 하며 각종 기금 예산 빼내어 수조 남김 정작 경기도 수해 개군 억원 지원 정부 재난 원금,-1.0
16,이재명 낙선 원인 황교익 먹방 촬영 황교익 차관 지위 경기 관광 공사 사장 임명 날라 갔다고 생각 한다 경기도 소방 최고 책임자 자기 지역 대형 화재 팽개 마산 내려가,0.0
17,윤석열 지난 대선 산불 현장 가서 헬기 타고 와야죠 하며 입털 사진 찍고 갔던거 생각나면 난다,NaN
18,민주당 정치인 산불 방지 예산 깎았는가 민주당 정치인 산불 났는데 퇴근 했는가,NaN
19,현재 우리나라 에탄올 화로 안전 기준 없습니다 소비자원 시중 판매 화로 호주 기준 따라 조사 결과 모두 부적합한 에탄올 불꽃 보이지 않는 특성 있습니다 사용자 불꽃,1.0
20,이천 화재 떡볶이 먹방 이재명 재난 대비 능력 인성 아예 없는 판명 되었다 소리 하지 이낙연,-0.3333333333333333
21,산불 나면 간다 했지 가지 가겠단 소리 했다,NaN
22,그래 우리 산불 나고 지진 날때 문재인 때문 장난 하자는 아니고 하면 윤석열 때문 지랄 하니까 빡치는거지,NaN
23,이재명 도지사 소방 업무 하는 없다 해놓고 정작 경기도 화재 났을 황교익 마산 볶에 처묵처묵,-1.0
24,울진 산불 서울 침수,NaN
25,이재명 됐으면 그랬다고 쿠팡 화재 이러고 있었던 까먹었음,-1.0
26,잦은 폭우 태풍 겪는 부산 사람 장마 끝나고나 내리고 나서부터 바퀴 출몰 심해져요 하수 조금 튀면 바로 씻어 야해요 여름 하수 바퀴벌레 천국 겨울 사는데요,NaN
27,서울 물난리 당했습니다 저희 건물 하수 역류 침수 되는 바람 저희 천장 무너져서 포장재 재료 잠겼네요 당분간 발송 어찌 될지는 내일 아침 정리 하며 다시 한번 확인 자세한,NaN
28,저희 어머니 강원도 사시는데 출근길 소리 나서 돌아보니 나무 무너져있었 대요 강원도 침수 산사태 피해 관심 가져주세요,-1.0
29,특보 웃긴게 강남 삼성 샌다고 보도 하더니 이후 대기업 오피스 삼성 이름 뺀다 전화 온듯,NaN
30,아니 뉴스특보 제보 받은 각종 침수 영상 보여주는게 맞아 이건 재미 아님 침수 지역 지도 표시 해주고 예보 알려주고 침수 황시 어케 해야하는지 대피 요령 챙겨 야하는거나 그런거 반복 해서 알려줘 야하는거 아닌가,1.0
31,퇴근 하면서 침수 시작 봤으면 돌렸어야지 새끼 소리 소주 한잔 생각 정신 놨었,NaN
32,어제 서울 물난리 집중호우 여파 강남역 침수 발생 하면서 강남역 일대 바퀴벌레 선생 출몰 하는 끔찍한 상황 발생 했습니다,-1.0
33,마이 케이팝 캘린더 퍼플 키스 개인 좋고 멤버 모든 아름답지만 하면 습한 장마 청량한 해변 가를 좋아하기 때문 청량가득 여성 시선 빼앗겨,1.0
34,침수,NaN
35,침수 됐던 지하철역 거의 복구 됐다니 밤새 얼마나 많은 애써주신 덕분 일까,NaN
36,진짜 이런 재밌다고 패러디 하는 이미지 모아서 바이럴 하는 보는 고통스럽다 동료 시민 반지하 죽고 터전 무너지고 차량 침수 되는데 재난 어떤 소로 거리 찾고 즐긴다,-1.0
37,아니 뉴스특보 보다 보니 웃긴다 지방 태풍 와서 무너져도 자막 덜렁 나오고 이었어서 지역 사람 남부 지방 태풍 피해 있는지도 몰랐던 적도 있는데 동네 비오니까 방송 끊고 특보,-1.0
38,트위터 진짜 재난 재해 알맞는 맨홀 뚜껑 조심해 거리 가까이 있지 침수 잡거나 짚으면서 걸어야지 그러면 뚜껑 날아간 맨홀 빠지거나 물살 쓸려가 물난리 피부병 전염병 조심해,-1.0
39,실시간 강남역 슈퍼맨 등장 아저씨 폭우 침수 강남역 복판 배수관 쌓여있는 쓰레기 맨손 건져 덕분 종아리 차올랐던 금방 내려감,NaN
40,침수 반지하 사람 죽은 고현 찾아가 구겨 앉아가며 구경 하다가 어제 퇴근 하면서 우리 아파트 언덕 있는데도 잠겼 하며 누구 물어보지 않은 자신 전날 퇴근,-1.0
41,침수 되는 봤지만 아니고 일도 아니니까 퇴근 했다 같은 대통령 하면 되는 아닌가 그것 피해 지역 현장,-1.0
42,이제야 한숨 돌릴 나서 풀어 보는 지하철 침수 버스 침수 차도 막힘 도로 막힘 막판 수영 해서 퇴근 시간 푼다 이제 정전 곁들인,-1.0
43,아픈 아기 키우는 친구 반지하 침수 하수 역류 걱정 정전 되면 아기 산소호흡 기를 두려워하고 있다 외래 진료 위해 호출 장애인 택시 배차 시간 걸렸고 목금 진료 재활,-1.0
44,알티 타네 강남 고급 아파트 침수 피해 입었는데 불공평 이런 얘기 나오는 화남 조금 생각 해봐도 알잖아요 반지하 지하 사는 사람 거리 시장 장사 하는 사람 강남 고급 아파트 사는 사람 같은,0.3333333333333333
45,맞는 입니다 덧붙이자면 경험 운전 도로 물밑 안보 여요 그냥 침수 도로 피하 제일 좋습니다 거기 자작하게 물이 고인 건지 낭떠러지 물이 건지 없어요 있어요,NaN
46,여러분 그거 아시나요 서울 물난리 강남 정전 강남역 침수 실트 오늘 내린 비는 내일 모레 내릴 예고편 랍니 참고 러브 다이브 하러가겠음 사진 시계 방향 오늘 내일 모레,NaN
47,왔는데 다음 대중교통 말짱해졌다 천재지변 인력 막은 간밤 얼마나 힘드셨을까 게다가 지하철 청소 거의 여자 하시잖아 좋게도 침수 구간 출퇴근 하지만 마음 무겁,NaN
48,반지하 침수 사고 현장 찾은 대통령 오세훈 서울시장 출처 뉴스 네이버 뉴스 카메라 의식 하지,NaN
49,지하철 호선 운영 오늘 모두 정상화 반면 민간 운영 하는 호선 일부 구간 운영 되고 상당수 침수 복구 있는 여러분 지금 민영화 결론 보고 계십니다 운영 최대,NaN
50,침수 되면 누구 수리 복구 호텔 잡아 지낼 있고 쓰게 소지품 새로 여유 있는데 누구 당장 곳도 정부 마련 주지 않으면 없고 생필 품도 한두 새로 사는 부담,0.0
51,뉴욕 폭설 경보 예상 된다고 뉴스 나온 병원 출퇴근 어려운 직원 위해 호텔 빌려 숙식 제공 했고 출근 직원 날씨 와줘서 고맙다며 병원 매점 이용권 매점 자체 싸서,-1.0
52,퇴근 하면서 보니 벌써 다른 아래쪽 아파트 침수 시작 되더라 아니 퇴근 하지 대본 컨트롤 하셔야지 기어 들어가세요 반지하 죽어도 자긴 지대 비싼 아파트 산다 자랑,-1.0
53,지금 출근 하는데 도로 안보 침수,NaN
54,서울시 최초 터널 빗물 시설 신월 빗물 시설 국내 최고 수준 배수 능력 자랑 하며 폭우 최대 빗물 저장 신월 빗물 시설 운영 통해 장마철 고질 침수 지역 신월동,1.0
55,현석 진짜 오랜 만이 수고 하셨 스미스 날씨 오락가락 이제 장마 감기 조심,-1.0
56,대통령 퇴근 하면서 보니 다른 아파트 침수 시작 발언 논란 출처 부산 일보 네이버,NaN
57,게임 가디언 테일즈 개발 스튜디오 사무실 이번 폭우 침수 피해 입어 내일 예정 되었던 업데이트 무기한 연기 되었다는 소식,-1.0
58,고생 많으시고 대단하신데 이건 감사하고 넘길 문제 아니라 당장 대피 해도 모자랄 침수 진행중 건물 계속 남아 청소 해야만 하는 환경 비정상 대해 생각 해봐야 같음 재난 상황 대피 하는 청소,-1.0
59,침수 시작 되는 봤으면서 그대로 퇴근 했다고,NaN
60,내일 모레 구건 발송 예정 입니다만 침수 지역 택배 수령 어렵거나 불안하신 말씀 주시 발송 미루겠습니다 다만 사는 지역 짱짱해 날씨 판별 어려워 받으시길 원하는 시기 말씀 주셔 야합니다,-1.0
61,퇴근길 침수 보면서도 퇴근,NaN
62,살다 살다 주변 침수 출근 한다는 대통령 타고 출근 해야지 이런 재난 상황 아니 무슨 이런 얼뜨기 있냐 멀쩡한 청와대 놔두고,-1.0
63,반지하 침수 사망 유족 방문 사진 국민 지킨다고 홍포 포스터 만든거 소름 패인,-1.0
64,윤석열 대통령 장애 가족 참변 반지하 침수 현장 찾아 미리 대피 됐느냐 윤석열 질문 충격 박근혜 구명조끼 발언 떠올랐음,-1.0
65,이제 우리나라 사계절 아름다운 나라 아니다 동시 경보 뜨는 나라 시바,1.0
66,아크 비스타 엘리베이터 침수 영상 가짜 뉴스,-1.0
67,중부 폭우 집중호우 인하여 이수역 침수 강남역 침수 도림천 범람 지하철 침수 도로 침수 각종 피해 속출 있습니다 모두 조심하시고 무사 귀가 하세요,-1.0
68,아주 친절하셨고 하는데 덕분 힘든 와중 위안 되셨다고 후속 조치 로되 좋겠다고 침수 올해 세번 힘들다고 호소 하셨습니다 의원님 개인 없으시고 시간 늦어서 내일,-1.0
69,더불어 민주당 남동구 의회 이철상 의원님 사람 어머니 모르겠다하시네요 침수 상가 지역 직접 오셔서 상가 의견 물어보시고 시간 이상 서서 피해 상황 둘러보시고 펌프,-1.0
70,금전 본거 어젯밤 폭우 관악구 세가족 침수 숨진 훈시 갔는데 동네 주민 항의 하자 죄송하다거나 위로 해주는 대신 있던 사람 보고 설명 주세요 하고 바로 돌리고 가는 모습,NaN
71,어제 강남 서초 침수 당했는데 재난 불공정 이야기 나오냐며 같지도 않던 소리 하는 사람 생각나서 더욱 화가 난다,-1.0
72,항상 침수 진행 되는 상황 불어 감당 하지 긴급한 방류 시행 하는 옥상 처방 예고 재난 상황 이어지는 안타까 시정 하지 하는 공무원 작태 분개 없다는,-1.0
73,가족 이자 사회 약자 별안간 수재 돌아가신 찾아가 우리 아파트 침수 됐다 멘트 하는 리더 도대체 어떤 회로 장착 걸까 나름 공감 표현 하려는 노력 허한 말로 꾸려던 무엇 일까,NaN
74,운전 침수 도로 행동 요령 웅덩이 통과 불가피한 경우 기어 시속 서행 통과 범퍼 높이 침수 미리 기어 놓고 한번 지나가야 도중 기어 바꾸거나,NaN
75,장애 가족 참변 반지하 침수 현장 찾아 미리 대피 됐나 윤석열 구명조끼 입었다고 하는데 발견 하기 힘드냐 박근혜 무슨 데쟈뷰 피해자 유가족 이었으면 있었다,-1.0
76,속보 서울 도봉구 종로구 산사태 주의보 발령,NaN
77,어제 마당 도서관 국립 중앙 도서관 있으니까 종이 아깝다 정도 였는데 국립 중앙 도서관 침수,-1.0
78,장마 패턴 폭우 폭염 폭우 반복 되는 형태 최근 수년 사이 과거 달라졌다 온난화 대기 수증 기량 늘어나고 해수면 온도 과거 상승 주지 사실 이라면서 기후변화,NaN
79,존나 웃긴다 자택 주변 침수 돼서 움직 자택 실시간 보고 받으신 대통령실 언론사 통화 했데 웃김 웃김 그러니깐 청와대 같은 호의호식 하려고 쓰는 아니잖냐,NaN
80,침수 피해 침수 피해 강원도 강원도 침수 피해 서울 그런줄 알어 군위,-1.0
81,윤석열 사는 서초동 아파트 언덕 있는데도 침수 정도 였다 퇴근 하면서 보니 벌써 다른 아래쪽 아파트 침수 시작 되더라 아파트 침수 되는 보고 퇴근 했다고,NaN
82,실시간 침수 상황 확인 하는 재난 포털 검색 날씨 별로 자세히 보기 누르면 실시간 상황 제보 있고 시각 현장 있어서 편리해요 얼른 사태 끝나길 깅들,0.0
83,강원도 피해 궁금해서 강원 일보 들어가 봤다 영월 평창 급류 말려 익사 하는 사고 있었고 주택 농경지 침수 되고 골프장 유실 되는 피해,-1.0
84,딱하네 나오는 이유 휴가 이유 윤석열 장마 강남 침수 윤석열 지지도,NaN
85,제네시스 신형 침수 됏다 믿어지지 않음 천만원 증발 차주 엇어 친구 최대한 순간 타야 비록 보닛,NaN
86,작년 재작년 부산 지하철 침수 정도 왔었는데 언제 왔었냐 는듯 깨끗하게 청소 지하철역 화제 였었다 오는 누군가 시설 정비 해야하고 누군가 청소 해야한,1.0
87,수해 현장 가지 긴급 조치 당부 했습니다 첫째 빠른 시일 위험 지역 침수 빈발 지역 반지하 같은 대한 현황 파악 둘째 피해 대해 서는 절차 없애거나 최소 화해서 지원 나설 셋째 자원,-1.0
88,훈녀 생정 침수 차량 탈출 하기 목숨 보존 유리창 깨는 죽빵 스킬,NaN
89,폭우 계속 되고 있어 긴급히 중랑천 인근 살피 있습니다 살곶 운동장 일대 많은 침수 예상 구간 전면 통제 합니다 구민 여러분 지대 낮은 통행 가해 주시 재난 경보 알림,-1.0
90,침수 된거,NaN
91,빡쳐서 직접 찍어 아크 비스타 침수 이동 불가 개뿔 세상 멀쩡합니다 차량 아무 문제 출입 중임 언론 기사 똑바로 써라 나갈 없어서 있는 아님 윤석열 그냥 귀찮아서 출근 하는 거임,-1.0
92,딱하네 나오는 이유 휴가 이유 윤석열 장마 강남 침수 윤석열 지지도,NaN
93,애초 멀쩡한 청와대 버리고 무리하게 대통령실 문제 호우 경보 불구 퇴근 문제 생각 절대,-1.0
94,화요일 기준 대가 넘는 차량 침수 됐고 손해 합니다 오토 차량 기어 낮추는 수동 기어 모드 참조 하세요 타래 인용 둡니다,0.0
95,어르신 트윗 활용 어렵습니다 지하철 침수 중단 구간 문자 경보 알림 보내주십시요 진짜 어제 돌아오는길 어르신 무작정 여기저기 물어봐가면서 버스 타시는데 안타까웠습니다,NaN
96,진짜 맞는거 침수 피해 났어 서울 잠겼어 대통령 새끼 재택근무 하는데 나머지 노동자 밤새 지하철 치우고 출근 심지어 시발 지하철 다시 운행 가능하게 했어,-1.0
97,이지영 중학생 반지하 침수 돼서 요점 노트 젖어서 죽으려고 옥상 갔다는 생각남,NaN
98,버스 침수 저상버스 하지 마세요 그래도 보장 돼있는 장애인 동권 공격 하지 마세요 오세훈 서울시장 재난 차관 임명 배수 시설 설치 배수 예산 삭감 쌍욕,-1.0
99,아크 비스타 폭우 피해 대처 했단다 그래 그럼 통화 기록 상황 기록 있겠네 그치 대통령 상황 대처 기록 전부 남겨야 하는 맞지 기록 보자 누구 무슨 내용 통화 했고,-1.0
100,폭우 오늘 유독 도로 죽은 동물 보이네요 죽은 동물 발견 하셨을 다산 콜센터 전화 해주세요 지역번호 입니다 침수 피해 제네시스 지하철역 조기 퇴근 기록 폭우 고양이 천둥 번개 남부 지방,-1.0
101,지형 높아서 침수 되고 오고 여름 덥고 하아,NaN
102,기호일보 만평 침수 사태,NaN
103,여기는 그냥 멸망 남부 지방 폭염 주의보 내린 곳도 있다던데 조그만 나라 무슨 날씨 모양,NaN
104,아까 호선 침수 알림 보고 침울하게 나오는데 창빈 줏대 있게 걸어가 하는 나를 봐서 걸어옴,NaN
105,건물 주가 침수 지하 주차장 고급 차량 잠겨 거액 보상금 지불 이후 설치 했다는 인터넷 풍문 거짓 처음 건물 지었을 설치 한다,0.0
106,아까부터 계속 틀어눟 있는데 정부 실종 되었다 예전 화면 하단 자막 계속 특보 정부 발표 집계 같은 정보 떴었지 지금 아무 나옴 했던 하면서 반복 하고 있다,NaN
107,장마 가방 블투 이어폰 넣을 지퍼 이케아 지퍼 항상 넣어 두는 옛날 엄청난 아이폰 지퍼 넣고 문자 하는거 보고 배움 가끔 지퍼 얇은 손수건 넣더라 습기,NaN
108,폭염 보구 진짜 중간 없네,NaN
109,있는 폭염 조심해,NaN
110,폭염 다습한 날씨 어가 바질 전멸 고무나무 아보카도 생생하네,NaN
111,폭염 괜찮으신 가요,NaN
112,여긴 폭염 경보 조심하세요,NaN
113,남부 지방 가뭄 폭염 시달리는데 퇴근길 피해 없도록 안전 안전 조심 즐퇴 하세요,0.3333333333333333
114,밤새 안녕하셔요 있는 아랫 지방 폭염 때문 걱정 피해 안전한 하루 되시길 바랍니다 오늘 힘나는 되셔요,-0.3333333333333333
115,같은 나라 남부 지방 방울 내리고 열흘 열대야 폭염 지속,NaN
116,더쇼 폭염 여름 휴가 필요 없어요 캡틴 강쥐 용맹함과 비주 카리스마 감격 흐르는 눈물 왼쪽 케리 안더 오른쪽 더쇼밤 축제 열리거든요 무더운 여름 나갈 필요 물놀이 하게 해주,0.0
117,우린 폭염 중간 없냐,NaN
118,우리 진정 걱정 자주 써주고 자주 읽어줘 야하는 기사 이런 기사 유럽 폭염 연일 뉴스 나오지만 생사 오가는 뉴스 자주 써주는가,-1.0
119,오늘 날씨 알려 드리겠습니다 폭우 폭염 폭우 폭염 폭우 폭염 폭우 폭염 이상 입니다,NaN
120,여름 되면 쿠팡 물류 센터 결근 조퇴 속출 합니다 많은 계약 개조 이상 결근 조퇴 정도 노동자 사람인 지라 폭염 견딜 없으니 그날 일당 비롯 주휴수당 연차 날아가 수입,NaN
121,호우 주의보 피해 폭염 경보,-1.0
122,저희 폭염 구간 습하고 더워요,NaN
123,수능 이제 실감 납니다 폭염 열공,1.0
124,웃고 다정하게 웃고 박씨 보이는구나 폭염 엇다,NaN
125,오늘 날씨 알려 드리겠습니다 폭우 폭염 폭우 폭염 폭우 폭염 폭우 폭염 이상 입니다,NaN
126,우리 더워서 넘어가 슈펄 과연 폭염 보가 맞댜,NaN
127,지방 폭염 더워,NaN
128,부산 폭염 한창 랍니 심죠 귀가 새오,NaN
129,오늘 하루 고생 하셨습니다 중부 어제 오늘이 심하게 온다고 합니다 그러니 퇴근길 조심하시고요 출근 야근 하시는 조심하시길 바랍니다 남부 열대야 이니 폭염 조심하시고요 저녁,-1.0
130,지구 멸망할 이번 서울 물난리 단순한 사건 아니다 지구 멸망 전조 하나 서울 기상이변 있는게 아니다 시베리아 여름 온도 섭씨 넘어가고 일본,NaN
131,시뻘겋게 끓었다 나사 공개 붉은 지구 충격 영상 도를 웃도는 극심한 폭염 노멀 관측 스페인 정부 직장인 넥타이 착용 자제 권고 영국 정부 정원 호스 사용,-1.0
132,핫함 경보 폭염 넘어서는 뜨거운 열기 승리 하나 되는 피치스 뷰잉 파티 현장 피치스 피치스,1.0
133,강남역 침수 되고 정전 되고 도서관 젖고 뒤집히고 맨홀 뚜껑 뽑히고 바퀴벌레 득실 거리 청와대 종합 활실 없고 산사태 나고 지방 폭염 정부 대책 없다 진짜 정부 상태 실감,-1.0
134,대한민국 갈라졌 노씨 여기는 폭염 매미 울어요,NaN
135,가뭄 이었다가 폭우 내렸다가 폭염 이었다가 날씨 그지같음,NaN
136,아니지만 차서 그렸어용 진짜 오던데 조심하시구 폭염 조심하시구 안전하셨음 좋겠어여 그림 그림러 그림 그림 벚꽃 상시 커미션,NaN
137,여러분 대구 날씨 어떤 가요 여기 하늘 뚫린 같은데 지방 폭염 주의보 믿기지가 않어요,NaN
138,서울 아마존 개장 여기는 폭염 랜드,NaN
139,폭우 폭염 모두 조심하시길 바라요,NaN
140,아니지만 차서 그렸어용 진짜 오던데 조심하시구 폭염 조심하시구 안전하셨음 좋겠어여 그림 그림러 그림 그림 벚꽃 상시 커미션,NaN
141,경기도 의회 드라마 인스타그램 지금 의회 크랭크 한여름 폭염 시작 했던 촬영 갑작스러운 폭우 종료 했습니다 서지수 러블 리즈,-1.0
142,코로나 걸렸던 사람 줄줄이 걸리고있어 폭염 조심하시구 코로나 조심하시구 손소독 마스크 하세여 양산 좋더라 외출 하실 양산 추천 드립니다,NaN
143,진짜 미치겠다 우리 지역 오면 비상 우리 지역 폭염 주의보,-1.0
144,남부 지방 아예 내림 햇빛 바람 있음 폭염 농작물 말라 죽음 곤충 더워 죽음,-1.0
145,오전 폭염 경보 알림 왔던 오늘 같은 미친 날씨 기어 노동자 아스팔트 위로 쫓아낸 파리 바게뜨 평생 불매,-1.0
146,여태 수업 준비 한다고 앉아서 이제 서야 부랴부랴 카톡 보고 놀래서 이돈 재림 나발 이상 피해 없었으면 좋겠다 우리 터친 피해 없으시길 부산 며칠 폭염 경보 발효,-1.0
147,특보 발효 현황 발효 시각 이후 호우경보 호우 주의보 폭염 경보 폭염 주의보,NaN
148,비는 여기 와야지 서울 가는데에 여긴 폭염 주의보 뜨고,NaN
149,특보 발효 현황 발효 시각 이후 호우경보 호우 주의보 폭염 경보 폭염 주의보,NaN
150,농작물 푸석푸석하니까 기운 없어 줘도 따서 먹어도 쓴거만 쓰더라구요 장난 니야 이번 폭염,NaN
151,집중호우 때문 사망자 오늘 아침 기준 나왔다는데 수도권 지역 이면 조심하세요 제발 가족 서로 몸조심 하자 폭염 나가있지말고 폭염 집중호우 무서운 자연재해 서로 몸조심 합니다,-1.0
152,잇죠 폭염 폭우 장난 아니네요 우리 안전하게 살아있어요,NaN
153,하미 존나 기여 우어 휴닝 카이 미세먼지 외치는 와중 최수빈 귀마개 촉감,NaN
154,영화 기생충 송강호 폭우 침수 다음 조여정 어제 와서 미세먼지 없구 하고 송강호 하는 장면 있거든요 그거 충격 받았는데 오늘 선선 해서 좋은데,-1.0
155,데님 운동 금지 중구 미세먼지 좋음 해외 종로 행복한 그룹 횡성 소개팅 거울 블루스,1.0
156,포카 왔음 차도 미세먼지 낀게 아쉽지만 얼굴 쵝오,NaN
157,무슨 이제 미세먼지 저만 먹읗게 노래 불러주세요,NaN
158,포카 진짜 미세먼지 필터 없애줘 공지 포카 색감 기대했더니 실물 조명 진해 보이는거구 얼굴 했다,NaN
159,추억 건가 세상 장난꾸러기 황금돼지 다이어트 동초 광고 제작 미세먼지 좋음 엄마 생각 간만 업뎃 볼수록 빠져드는 미쳤다,1.0
160,도초도 강릉 여행 아이 반찬 미세먼지 차단 카페 탐험대 케이시,NaN
161,국가 재난 상황 관저 숨어있던 대통령 폭우 내림에도 정시 퇴근 했다 즈음 헐레벌떡 돌아왔던 서울시장 자신 대응 미숙 아니었다면 살릴수도 있었을 반지하 가족 사망 사고 현장 저런 사람 사네,-1.0
162,대선 언론 국민 대체 무슨 조금 달아야 만이 만이 하며 일일 최대 폭우 강조 하는데 돌아봐도 이번 능가 하는 최대 폭우 매우 많다고,NaN
163,산사태 위기 경보 경계 상향 이례 폭우 발생 서울 인천 경기 지역 산사태 위기 보가 주의 경계 상향 되었습니다 산사태 고립 되었을 경우 구조 요청 산림청 산림 항공 구조대,-1.0
164,물난리 났는데 고립 되서 나오질 와중 대책 폭우 헬기 부르려다가 실패한 대통령 솔직히 어젯밤 의지 있었어도 출근 가능했었음 이런 날씨 일전 예고 됐었는데 칼퇴 해가지고 귀찮아서 나온거,NaN
165,어제 폭우 재난 피해 입으신 가구 근처 건강 정지원 센터 긴급 위기 가족 지원 상담 받아 보세요 센터 별로 보유 민간 단체 자원 받거나 가구 사례 관리 재난 지역 선포 정부 지원 아이돌,-1.0
166,폭우 로켓 배송 근황 쿠팡 진짜 빼고 사는 건가,NaN
167,지역구 포함 수도권 온통 물난리 났는데 씬나 잼있다 트윗 올렸다가 삭제 올린 트윗 오늘 폭우 길위 레일 거의 굶었 아잔 거리 폭우 소재 말장난 치는 트윗,NaN
168,낭만 넘치는 강남역 차주 폭우 낭만 워터파크,1.0
169,강남역 아저씨 배수관 쌓여있는 쓰레기 건져내니 물이 빠졌다는데 대단하신것과 별개 폭우 예보 진작 했는데 전혀 대비 됐다는게 화나고,-1.0
170,아빠 공무원 어제 도착 비상 걸려서 다시 출근 그리고 시간 내내 소식 없음 매년 했어 폭우 폭설 기타 등등 무슨 있을,NaN
171,폭우 고립 되어 봐야 아무 하러 오지 대통령 죽이겠다고 트윗 하면 시간 경찰 잡으러,NaN
172,폭우 등등 이야기 나오는데 이전 사뭇 다르다는 이해해 온난화 이전 아웃 라이어 상황 일상 만들 분명하고 이전 본적 없는 상황 가져오,1.0
173,어제 오늘 수도권 오던데 트친 괜찮으신 가요 부산 더워 디질것 같은데 폭우 온다니 건강하고 열공 합시다,1.0
174,플로리 폭우 조심하구 감기 조심하기 더쇼 만나,-1.0
175,서울 어마어마한 폭우 예보 한가롭게 런던아이 능가 하는 대관람차 세우겠다는 발표 서울시장 있다구요,NaN
176,박원순 시장 여름 내내 장마 호우 태풍 대비 했었고 피해 거의 없었죠 오세훈 시장 하면 서울 바로 잠깁니다 서울 잠기 있는데 오세훈 하고 있나요 행안부 장관 있나요,-1.0
177,서방 비록 여기는 폭염 주의보,NaN
178,오늘 닫아야겠 어차피 온라인 있구 폭우 확실히 사람 없다,-1.0
179,강남역 인근 어떤 하수 뚜껑 열고 거기 쌓여있던 쓰레기 내자 허벅지 차올랐던 물이 빠졌다고 하는데 영웅 활약 조명 하기에 앞서 일주일 수도권 폭우 예보 됐음에도 기본,1.0
180,안녕하십니까 폭우 침수 피해 인하여 본래 강남 모나코 스페이스 개최 예정 이었던 행사 스페이스 쉐어 삼성 센터 변경 결정 되었습니다 행사,-1.0
181,폭우 어떻게 시장 퇴근 하냐 서울 폭우 왔습니다 호우경보 발령 이었습니다 호우경보 그냥 짱짱 선언 아니잖아요,NaN
182,재난 결코 공평하지 않습니다 공평하지 않은 재난 우리 최소한 안전 되어주는 국가 입니다 그러나 국가 기능 상실 포기 했을 우리 서로 있을 없습니다 폭우,-0.5
183,심각한데 쓰나미 아닌가 정도,NaN
184,호우 일어났을 자연 재난 행동 요령 구급 약품 손전등 식수 비상식량 라디오 핸드폰 충전기 휴대 버너 담요 비상 용품 점검 한번 하기에요 이미지 호우 침수 관련,-1.0
185,얼마나 일이 정작 내려 야하는 농촌 지역 오고 정도 가뭄 정작 내리면 취약 도시 홍수 일어난다는게 괴담 누가 알티 해서 많은 사람,NaN
186,근처 싱크홀 발생 지하방 갑자기 물이 차오르기 시작 했고 옆집 살던 주민 필사 창문 뜯어서 구출 하려 했지만 물이 차서 수가 없었다고,NaN
187,동공 지진 났어,NaN
188,노원구 상계 인근 주민 여러분 산사태 경보 입니다 있지 마세요 산사태 경보 토양 함수 내려집니다 있는 최대한 도의 내렸습니다 나무 기울어져 있거나 비탈 갑자기 물이,NaN
189,진짜 오늘 오는 무료 취소 시켜줘야 하는거 아니냐 제작사 정부 호우 주의 경보 때리고 지하철 역은 침수 되고 난리,NaN
190,자택 실시간 보고 받으며 호우 피해 점검 상황 지켜보면서 어떡해 어떡해 하고 있는 크게 차이,-1.0
191,진짜 뻔했어 눈앞 산사태 나서 앞앞 깔렸음 맞냐고,NaN
192,호우 주의보 떴는데 대기 안함 배민 아니면서 도착 예정 세종 이유 종합 황실 있던 청와대 쓰니까,NaN
193,차가 여기저기 그냥 서있고 산사태 돌이,NaN
194,지하철 침수 역사 천정 무너지고 도로 잠기 산사태 비상 폭우 우면산 산사태 강남역 침수 사태 광화문 물난리 난리 났었다 지대 주민 조심하시고,NaN
195,가천대 기숙사 산사태 났나,NaN
196,재난 상황 트위터 소식 제일 빨라요 지난 년전 지진 트위터 소식 제일 빨랐어요 전화통화 카톡 먹통 되었었고 재난 발생 하면 트친 끼리 정보 공유 하는 필요합니다 들어 어디 대피,-1.0
197,됩니까 다른 지역 사망자 나오고 폭우 수도권 전체 고통스럽습니다 미추홀 어제 내렸고 오후 건의 피해 접수 됐고 산사태 주의보 내려졌습니다 밤사,-1.0
198,속보 서울 노원구 상계 중계동 산사태 경보 발령,NaN
199,아랫 지방 현재상황 서울 물난리 몰랐음 우리나라 오는 몰랐음 가뭄 개오지 저수지 거즘 바닥 보임 매미 소리 하루 종일 들으니까 미치겠음,NaN
200,속보 대본 서울 경기 호우 사망 실종 부상 뉴스,-1.0
201,소리 영상 대통령 호우 대처 아쉬운 묻자 서해 공무원 피살 무대 처가 문제 다음 뉴스,NaN
202,간밤 무서운 폭우 천둥 번개 워낙 피해 커서 안녕 묻기 무서울 정도 입니다 사망 오늘 폭우 이어지는데 부디 무서운 산사태 사고 없기를 악몽 떠오릅니다 부디 무사하시 기를 부디 피해,-1.0
203,조만간 가겠군 영상 대통령 호우 대처 아쉬운 묻자 서해 공무원 피살 무대 처가 문제,NaN
204,청와대 있으면 국민 목숨 살릴수 있었는데 우리나라 공무원 죽었어 강원도 산불 나서 물난리 나서 사람 죽었어 경주 지진나서 사람 죽었냐고 청와대 나랏님 있으면 재해 사람 죽는다면 많은,NaN
205,참고 가는건 파란색 지진 겪은 트친 알려 라이트 봉지 씌우면 밝아집니다,NaN
206,구르는 지진 날수있으니 조심하시오,NaN
207,속보 서울 노원구 상계 중계동 산사태 경보 발령 출처 매일신문 네이버 뉴스,NaN
208,당시 문재인 정부 호우 대처 긴급 상황 점검 회의 모습 어제 총리 호우 대처 긴급 상황 점검 회의 모습,NaN
209,서울 중구 산사태 경보 발령 됐다는데 재난 문자 제대로 발송 되고 있는 건가,0.0
210,지금 목격담 호우 버디 산책 딘깅 사진 찍어 호시 준앤 앤전 맛있는거 먹으러 간듯 잇군 추면서 걸었다 제보 투명 카약 자전거 경주 릴레이 홍앤밍 새벽 백화점 물어,NaN
211,퇴근 하고싶었나 대통령 평생 하나 최선 다해 가뭄 잘못 홍수 잘못이라며 작은 일도 꼼꼼히 챙기고 해결 하겠다는 그런 마음 있어야죠 국정 철학 문제 퍼낼것도 아니고 담당자,-1.0
212,횡성 산사태 돌아가셨대 속상하다 고인 명복 빕니다,-1.0
213,지금 시점 서울시 인사 공백 하수 처리 예산 문제 하는게 가장 기본 어떻게 세훈 이형 수가 있나 게다가 어제 오전 호우 예보 있었으니 세훈 이형 쉴드 칠거면 상습 피해 지역,0.0
214,산사태 남한 산성 인근 세대 고립 전화 먹통,NaN
215,가뭄 여름 수해 난다 모든 모든 자연재해 제외 된다 인류 문명 상당히 발전 했지만 폭우 하나 감당 강수량 맥스 설정 해서 재난 대비 한다던 전의 계획,0.0
216,영상 대통령 호우 대처 아쉬운 묻자 서해 공무원 피살 무대 처가 문제,NaN
217,서울 노원 도봉 종로구 산사태 경보 주의보 발령,NaN
218,강원 횡성 산사태 주택 매몰 평창 급류 숨져 뉴스,NaN
219,영상 대통령 호우 대처 아쉬운 묻자 서해 공무원 피살 무대 처가 문제 다음 뉴스 박형수 원내 대변인 지시 했느냐는 문제 없어,NaN
220,나라 가뭄 홍수 계속 되어 곡식 익지 않으면 허물 돌려 바꾸거나 죽여야 한다고 했다 결과 마여 죽고 아들 여섯 짜리 의려 세워 세웠다 삼국지 부여 시대 상관,NaN
221,오세훈 서울시장 우면산 산사태 사망 이재명 성남시장 교환 풍구 참사 사망 정말 어휴,NaN
222,오세훈 가뭄 지역 분할 설치 하자,NaN
223,서울 인천 홍수 나서 곳곳이 잠기 폐쇄하 지하철역 수십 길이 잠겨서 꼼짝 달싹 거나 둥둥 떠내려가고 있는데 재난 직접 책임자 서울시장 행안부 장관 인천 시장 대통령 빼기,-1.0
224,싱크홀 생겨서 트럭 빠짐 아스팔트 일어남 여긴 논현 입니다,NaN
225,과거 이돈 시절 강남역 호우 인해 진흥 아파트 인도 행인 감전사 하는 사고 보도 되자 진흥 아파트 주민 집값 떨어진다고 하며 민원 넣는 바람 기사 삭제 되었던 기억 있슴 덕분 상황 여전히 반복,NaN
226,가뭄 지구 어딘가 폭탄 퍼붓는다는 지구 물의 총량 일정하고 재앙 서로 연결 되어 있다,-1.0
227,동공 지진 일이 거짓말 같은 같은데 진실되어 보였어 비록 했지만 표정,-1.0
228,수도권 강원도 호우 특보 내려진 가운데 시간 내리는 있습니다,NaN
229,초밥 깔아놨어 밀려 드는 감동 쓰나미 후란 받아서 고맙다고 움쬬움쬬 해주는데 누구 허리 감싸더니 저런 멘트 날리고 있는거야 보기 했고 저런말하는지도 알겠는,1.0
230,민주 정부 지진 태풍 미리 재난 경고 분주하게 움직이면 별일 아닌 피곤하게 호들갑 세금 낭비한다 한다 이런 반응 많았음,-1.0
231,성심당 홈페이지 깄다 이번 호우 때문 았았 는데 저번 호우 때문 이었에,NaN
232,서울시 치수 예산 억원 줄어 증가 추세 이후 감소 종전 서울시 호우 대비 해서 공사 미리 진행 도로 배수 시설 사전 점검 정리 했어요 후관,NaN
233,순훈 호우 영뾰 아기 토끼 머리 했더라,NaN
234,인용 동공 지진,NaN
235,영상 대통령 호우 대처 아쉬운 묻자 서해 공무원 피살 무대 처가 문제 윤석열 대통령 문제 아니었 알았습니다 재난 물으니 갑자기 소리 하는 국민,-1.0
236,기록 폭우 기후 변화 아니라 그냥 그런게 가끔 발생 아니 씨바 그게 한국 있었던 되지 유럽 기록 폭염 켄터키 기록 폭우 미국 서부 산불 기록 가뭄 세계,NaN
237,호우 대처 회의 모습 호우 대처 회의 모습,NaN
238,푸딩 케이크 동공 지진 선생님 거기 어딘가,NaN
239,싸이 가뭄 흠뻑쑈한다 손기락질 받았잖아 좌파 비록 현직 아닌 전직 대통령 이었다면 물난리 났는데 자기 제주 신나게 물놀이 중이 사진 올리는 욕먹을만 하지 않냐,NaN
240,서울시 산사태 축대 담장 파손 지역 침수 도로 주택 상가 최대한 빠른 시간 복구 있도록 최선 있습니다 시민 여러분 재난 문자 기상 상황 확인 주시,-1.0
241,어제 강원도 산간 지역 많은 내려 침수 산사태 피해 발생 있습니다 물가 산사태 위험 지역 감전 위험 있는 고압 전선 근처 해주시고 산사태 보가 내려진 춘천 홍천 횡성 철원,-1.0
242,지자체 정부 되면 수구 걸림 여부 확인 산사태 극한 더위 대비 작업 해야 하지 않냐구 그게 상식 아냐 이제 수구 막힘 타령 있는게 되냐구 하기 싫으면 그냥 꺼져 대가리,NaN
243,지금 우리 라인 산사태 나서 소방관 집집 초인종 누르고 피하 급하게 지갑 들고 나왔는데 도로 엉망 빠져나올 무슨 일이 어디 가야해,-1.0
244,산사태 발생 주택 쳤고 남성 매몰 숨졌습니다,NaN
245,한국 과외 한국 장마 보고 정말 고맙다고 해서 가뭄 고통 받았었나 재해 상황 아니지 않나 했는데 완전 반대 어이 없을 정도 불만,-1.0
246,이쯤 되면 오세훈 가뭄 지역 시장 해야 되는 아닌지,NaN
247,아니 가뭄 이한창 흠뻑 같은걸 하니까 예수님 빡친거아,NaN
248,지금 댓글 달리는 보고 동공 지진 나서 없는 신어 하나 고민 중이,NaN
249,서울 폭설 내리고 난리 구경 없던 지방 살던 모습 마치 다른 나라 같았다 지금 수도권 물난리 남부 가뭄 시달리는 지역 아득히 멀게 느껴지겠구나 한다,NaN
250,내려서 스스로 생각 하기에 자신 비슷하게 생긴 사람 험악 근육 덮은 문신 상탈 가리키면서 귀엽지 속닥 동공 지진 하는 보고 싶다 생각 맞았나,NaN
251,현재 수도권 강원 산지 호우 특보 발효 가운데 서울 인천 북부 강원 북부 중심 시간 매우 강한 내리는 있습니다 최신 기상 정보 특보 상황 실시간 레이더 영상 참고 해주시,NaN
252,윗쪽 피해 남쪽 극심한 가뭄 함부로 옮기는게 아니다,-1.0
253,계양 구청 계양구 산사태 발생 위험 높음 산림 발생 우려 지역 주민 방문객 입산 금지 떨어진 안전한 피해 시기 바랍니다 계양 구청 안전 안내 문자 재난 문자,0.0
254,호우 순훈 호랑이 산신령 이제 인간 행세 한다네요,NaN
255,중부 집중호우 서울 자치구 산사태 경보 주의보 발령,NaN
256,스쿠 이타 메인 지른 먹는 사람 고유 후시 이타 소비 하는데 그릴 그릴지는 몰라용 그림 가뭄 하고 파우치 만듭니 숨쉬듯이 여체화 하니 지뢰 계정 뮤트 추천 드립니당,NaN
257,국민 박형수 원내 대변인 윤석열 대통령 호우 대처 아쉬운 묻자 서해 공무원 피살 무대 처가 문제 머릿속 북풍 공작 글자 아무 들어있는게 없다 보니,-1.0
258,기록 호우 인한 강남 침수 오세훈 대권 떠내려가 버림 수해 기억 하는 서초 구민 강남 구민 많아요,NaN
259,서울 폭설 내리고 난리 구경 없던 남쪽 끄트머리 살던 모습 마치 다른 나라 재난 같았다 남부 가뭄 시달리는 지역 지금 수도권 물난리 아득히 멀게 느껴지겠구나 한다,-1.0
260,육아 경력 이긴 했지만 무선 낳은 아이 부친 남망기 가졌을 낳아만 주면 세상 전부 굴더니 낳고 모든 육아 자처 남망기 출장 처음 무선 아이,NaN
261,흐아앙 이었어요 동공 지진,NaN
262,정말 대통령실 통째 개판 대가리 제대로 개도 없네 영상 대통령 호우 대처 아쉬운 묻자 서해 공무원 피살 무대 처가 문제,1.0
263,가요 혹시 탐라 켈포 계신가용 부스 참가 돌아다닐 알았는데 매우 친절하신 행사 규칙 덕분 이틀 정도 시간 여유 잡고 갈거 같아서 하루 타운 생각,1.0
264,살던 사람 알아서 나가라는 인센티브 지원 건물 가는 건가 뻔해서 웃기지도 않다 시발,NaN
265,트위터 보고 진짜 게으른 사람 게으름 탈출 읽었는데 저자 얘기 공감 된다 현실 직면 하기 무서워서 중요한 회피 시간 스마트폰 채웠다는거 진짜 얘기,-0.3333333333333333
266,진짜 통장 없어서 다행 잇엇으 바로 질럿 같은 들어갈 북마크 늘어요,-1.0
267,이벤트 돌아오는 리다 나비 생일 맞이 하여 간단한 이벤트 고자 합니다 나누어서 보내 드리려고 합니다 물건 도착 하면 그날 하겠습니다 많은 참여,1.0
268,세상 나오면서 한번 다루고 싶었다는 사인 다르다는 이유 폭력 대상 된다 꿰뚫고 있다는 시야 가질 있던 로서 활동 하며 불러 가사 덕분 스스로,0.0
269,트윗 정체 시발 황현진 씨발 요즘 언니 원래 보다 하나 씨바 띠발 얼굴 감사 인디 워친 시작 이니 누가 그땐 현지 노래 주행 본계 해주세요 미친 미친 개년 사실,-0.3333333333333333
270,팝콘 게임 블랙 라벨 소프트 하드 포토 카드 슬리브 공구 모든 배송 방법 이용 가능 포장 수고비 센드 예약 최소 세트 공구 참여 가능 무료 배송 금액 세트 채워질 바로,NaN
271,기존 진보 총장 짧게 제작 벨진 인디고 컬러 사이즈 리트윗 추첨 통해 선물 보내 드립니다 구매 있는 기존 노멜렛 회원 라면 누구 참여 가능하십니다 작아 총장,NaN
272,맞아 용기 사나 전사 가면 진입 합니다 리제 지원 요청 매크로 있으면 좋을거 같아 올려주시긴 하는데 나가기전까지 모르시니까 내일 늑대 우리 스킬 연습 해야,1.0
273,더보이즈 서울 페스 무대 완료 힙노 타이즈 스릴 라이드 따라 불러주는 더비 덕분 더보이즈 으쓱 으쓱 더비 퇴장 하지 우리 금요일,1.0
274,전장 짜릿해요 재밌다 탱커 필수 아니라네 하지만 전사 들고 탱아드 버스 지원 댕겨 점사 지시 짜릿 용기 사도 긴한데 희귀 사실 언제 무슨 기술 써야 할지 몰라서,1.0
275,다행 저희 글자 대화 했는데,NaN
276,악기 프로필 좋은 해남군 낚시터 감사 선물 라드 수서 스냅 수원 코로나 건강한 밥상 송편 생일,1.0
277,먕박 절대 사면 하면 안되 이유 김대중 정부 자원 외교 계획 수립 했고 노무현 정부 니켈 전략 광종 지정 했고 정부 아프리카 마다 카스카 토미 광산 광물,NaN
278,최근 들어 번은 같은데요 의도 했든 의도 하지 않았든 피곤한 베이스 두고 덕분 기분 좋게 자잖아 지금 그럴 같고 정도 버텼다고 생각 자는 누구 자야겠다 자기야,1.0
279,우영 생각 하면 어떤 사물 떠오르나요 아래 링크 접속 설문 참여 해주세요 사연 채택 우영 폴라로이드 사진 선물 드립니,NaN
280,촬영장 아픈 길냥이 구조해 좋은 주인 찾아 호비 미키 의안 이픈 보고 가슴 아팠다고 진짜 천사,0.3333333333333333
281,할로윈 신부 개봉 기념 이벤트 합니다 당첨 최애 아무로 토오루 셀렉 참여 코난 라면 누구 트친 한정 주소 알려주셔야 해서 민감하신 해주세요 참여,1.0
282,구조 바꿨다 시바 힘들었다,NaN
283,당신 무인도 홀로 조난 당하게 되었습니다 구조 언제 올지 미지수 당신 가지 물건 가지 있습니다 물건 무엇 휴대폰 음식 도끼 마스,-1.0
284,모아 오늘 무대 어떠셨나요 모아 덕분 멋있는 받을 있었어요 항상 고맙고 사랑 해요 모아,1.0
285,하지 양도 가격 물건 완유 무는 타레 확인 해주세요 하지 이상 팔릴시 해주 신분 랜덤 어치 보내 드립니다 초면 참여 가능,NaN
286,기자 다행 싶으신 건가,NaN
287,작품 트랙 외전 되었습니다 신작 미식 이벤트 진행중 댓글 남기고 포인트 받아가세요 배우 피디 조합 라이 라이 해주신 추첨 해우 좋아하는 호빵,1.0
288,생존 신고 합니다 통신 두절 이었는데 전기 통신 복구 되었어요 동네 박살 났네요 길이 끊겨 고립 저희 사람과 모두 무사합니다 아래층 완전히 침수 되었고 여전히 나오지만,NaN
289,이벤트 현호색 작가 깊은 이벤트 열어주셔서 역시 동참 합니다 정식 사이트 봐주시는 독자 여러분 항상 감사 드립니다 더운 여름 시원하게 보내시라고 준비 했습니다 웹소설 불법 사이트,0.6
290,워후 연속 에피소드 멘탈 제대로 갔네요 와주신 감사 드리고 팔로우 감사 드려요 덕분 팔로우 돌파 했네요,1.0
291,수요 조사 기념 이상 추첨 하여 무료 증정 고양이 타로카드 귀여운 고양이 구성 타로카드 고양이 기운 기분 좋은 점괴 나올,1.0
292,알티 아이패드 이번 마지막 이벤트 누구 참여 가능한 공모전 공유 이상 짧은 영상 제작 공모전 작품 예시 확인 응모 기간 응모 하기,1.0
293,수지 웃고있어서 다행 우리 미안해,NaN
294,판매 감사 트윗 랜드 전시 실물 액자 신나는 빵울 신나고 즐겁게 입양 주셨습니다 항상 많은 응원 관심 감사합니다 랜드,1.0
295,그거 반응 좋고 예절 교육 사회 교육 덕분 반응 좋고 피자 파티 하고 이유 겹치 도장 무술 이전 생활 공간 되어 버렸음 한국 그대로 보존 태권도,1.0
296,안녕하세요 음원 정보 입니다 저희 음정 넘도록 모금 헬퍼 모집 하지 않고 극소 수로 금전 참여 없는 분석 독려 진행 해왔습니다 이전 포함 하면 넘게 진행 하지 않은 입니다 하지만,NaN
297,새벽 차가운 공기 찢어진 심장 느끼며 그녀 서서히 죽어 갔다 고통 오직 사람 얼굴 떠올랐다 각오 죽음 얼굴 떠올리니 싶었다 그리고 살고싶다는 감정 덕분 그녀 있었다,-1.0
298,병원 매일 찾아가는 은근 눈치 보이 힘들었었는데 지금 마당 편하지 만요 간호사 누나 이해해 줘서 다행 이었어요 번호 교환 누나,NaN
299,솔직히 병원 매일 찾아가는 눈치 보이 힘들었었는데 간호사 누나 좋아해줘서 다행 였어요 누나 이건 비밀 했는데 좋다는데요,NaN
300,하하 영정 즐거우 셧다 다행 입니다,-1.0
301,우리 생각 합니다 우리 필요한 도움 될지도 항상 감사 드려요,1.0
302,최재형 인국공 스카이 골프장 불공정 낙찰 의혹 감사 덮었다 최재형 넥션 크게 번지 이런 사람 이었어 믿을 인간 없네 인청 항공사 감사원 최재형 커넥 유병호 감사원 사무 총장,0.0
303,워후 연속 에피소드 멘탈 제대로 갔네요 와주신 감사 드리고 팔로우 감사 드려요 덕분 팔로우 돌파 했네요,1.0
304,나도 화덕 행복해 에이 성화,NaN
305,불행 다행 투구 무릎 맞은 김현준 단순 타박상 대구 학교 기본 배운 선수 같아서 응원 합니다 구자욱 선수 지금 배트,-1.0
306,있지 후회 하진 않아 하지만 조인우 하지 않아 일이 있어 덕분 여기 도망쳐 나왔는데 후회 하지도 않고 하지도 않아 하준호 조인우,-1.0
307,자본주의 비건 놀라웠습니다 나눠 친구 압도 감사 비건,1.0
308,위키 미키 후보 올랐습니다 투표 기간 투표 방법 로드 맥스 커뮤니티 투표 하기,NaN
309,이벤트 참여 감사합니다 수정,1.0
310,소고 번호 따가는 사람 없을까 차이나 히지카타 번호 잘만 따이는데 카구라 따인 다행 생각 해라,NaN
311,개발자 인정받고 연봉 받으며 지원 자도 넘쳐나는 호황 기는 찍고 내려가는 덮어놓고 다투어 일단 뽑았다가 최근 경제 상황 좋아지니 어떻게 줄일지를 고민 있다는 소식 종종 들린다 지원 풀이,NaN
312,전하 다행 입니다,NaN
313,우리 아미가 좋은 거가 바로 좋은 거기 때문 어쩌면 늦은 시간 어쩌면 이른 시간 일기 같은 읽어주셔서 감사 드리고 디제이 느낌 오늘 마무리,1.0
314,새로운 레진 업로드 기념 이벤트 진행 합니다 해주신 뽑아 사진 레진 꾸를 보내 드립니다 많은 참여 부탁드립니다 추첨 입니다 이벤트,1.0
315,후기 감사 드립니다 받으셨다는 후기 볼때 만들어야겠다는 생각 들어요 예쁘고 귀여운 최애 행복하시길 문의 있어서 기재 합니다 후기 편히 언급 하시고 써주셔도 괜찮고 주셔도 괜찮습니다,1.0
316,오늘 군산 찾아와 덕분 쇼챔피언 행복했어요 다음 만나요 뿌뿌,NaN
317,주말 볼까 발행 이벤트 화려하게 등장 해당 트윗 팔로우 하신 사진 발행 원하시는 작품 드립니다,1.0
318,옐로 하우스 인천 성매매 집결 성매매 여성 자활 지원 사업 받았음 집결 폐쇄된 여성 성매매 하는 경우 드물고 지역 성매매 집결 지로 이동 거나 다른 성매매 업종 종사,NaN
319,고윤 구조 늦었습니다,NaN
320,경품 참여 방법 팔로우 하트 물건 좋아하시는 참여 해주시면 좋겠습니다 넨도로이드 직접 현지 프리미엄 붙었더라구요 추첨,NaN
321,탈출 지능 순인,NaN
322,사라지도록 덕분 하게 기분 망쳤으니,NaN
323,알았다니 다행 캔디 와있거든,NaN
324,친노 세력 한미 폐기 구호 유용한것은 명박 탄핵 처럼 참여정부 책임 덮을수있는 도일 유용하다 한미 온전히 이명 박근혜 작품 라면 친노 한미 폐기 구호 여전히 매력,1.0
325,경쟁자 생기지 않아 다행 입니다,NaN
326,인생 한순간 사람 존재 했던 있긴 해서 다행 주머니 레몬 사탕 만지작댄다 정말 고마워 그리고 웬만하면 잊는게 편할거야,NaN
327,열대야 괴로운 오싹하게 돌아온 크리스마스 왜인 서늘하게 느껴지는데 캐럿 지금 누구 방금 돌아봤다 짜릿한 칼퇴 맛볼 과연,-1.0
328,정전 수도 복구 됐다고 좋아하던 친구 아파트 무사한지 걱정 된다 뉴스 모두 어제 얘기 하네,-1.0
329,죠셉 살던 시대 유튜브 틱톡 없어서 다행,-1.0
330,다행 저런 남자 엄마 되면 했는데,NaN
331,오늘 와줘서 고맙고 더운데 고생 제일 많았어 그리고 제일 중요한 안전 귀가 하기 덕분 즐겁게 했어 이빠이 지훈,1.0
332,탄저균 환경 나빠지면 살아남기 포자 상태 휴면 들어가는데 덕분 매우 사용 하기 편한 생물 무기 되었다고 한다 유전자 조작 의해 탄저균 독성 강화해 치사 퍼센트 높이는 성공했다,1.0
333,판아인은 어제 오늘 그렸어서 그냥 아인 단독 하나 그리고 있어요 감사 합니다,1.0
334,생일 축하 해주 신분 감사 드려요 생일 지난 간정 지났지만,1.0
335,여기 각종 자격증 학원 등등 전공 분야 스펙 도움 되는 여쭤나 보세요 부모 실제 상황 부담 안고 걱정 하는 경우 많으므로 안된다면 하는 마음 지원,-0.3333333333333333
336,호비 길냥이 구조 해줬던 얘기 직접 입양 찾아 줬었어,NaN
337,단독 갓세븐 박진영 폭우 피해 복구 위해 만원 기부 선한 영향력 뉴스 사진 출처 엔터테인먼트 뉴스 진영 박진영,-1.0
338,우리 호비 아픈 고양이 구조해 주인 찾아 줬구나,-1.0
339,수빈 입니다 뮤뱅 덕분 대리 해보고 좋네요 오늘 뭔가 평소 나이 있어 보이지 않았나요 담주 뮤뱅 챙겨 봐주세요 수빈,NaN
340,지원 리블렛,NaN
341,에피파니 주년 이벤트 추첨 통해 인형 찌니 옷장 드리겠습니다 찌니 원하시면 제작 완료 보내 드려요 해시태그 써주시면 감사 드려요 에피,1.0
342,스바루 슬픔 감정 스스로 회피 정리 하지 하는데 트릭 스타 만나면서 슬픔 감정 깨닫게 되고 구원 받음 그리고 빅뱅 부분 한번 꼬집어 준거 좋았어 마오 내용 마주 하게하고 호쿠토 울고싶으면,-0.3333333333333333
343,다행 헝헝 매크로 멀리 치워놨으니까 이제 실수 없다,-1.0
344,아이오 아이 엠카운트다운 본방 사수 하셨나요 오늘 많은 응원 감사 드립니다 아이오 아이,1.0
345,박스 담겨 유기 청실 홍실이 가족 찾고 있어요 구조 검진 마쳤고 접종 마쳤다고 합니다 예쁘지 않나요,NaN
346,언제 어디 서나 함께해 주는 덕분 오늘 하루 완벽하게 마무리 늦은 시간 자리 지켜주신 여러분 감사 드리고 모두 안전 귀가 하세요,1.0
347,생일 추첨 컨셉 매듭 팔찌 드려요 생일 전인 하시면 참여 완료 반택 등기 보내 드립니다,NaN
348,지금 좁은 얘기 뜬금 없다 있어 덧붙인다 이하 작은 주거 공간 공간 자체 비인간 성도 있지만 재난 엄청나게 취약 구조 어딘가 자투리 공간 거나 공간 임대 위해,-1.0
349,여러분 덕분 좋은 경험 하게 되었습니다 진심 감사합니다 우리 아미 받았네,1.0
350,일어 회화 리그 이벤트 무료 데이터 복구 저녁식사 오브 드로잉 모히또 양평 여행 가슴 아픈 마음 홈트 진심 고창군 주말 인천 도치 아들 실크 안전교육 견인 영광군 여행 노을 고령군 철물 버블,0.0
351,팔로우 간안내 아드벡 작가 고요한 서약 기다림 단행본 되어 위벨 블로그 이벤트 진행중 많은 관심 참여,1.0
352,지속 봉사 가장 기쁘고 행복한,1.0
353,단양군 여성 사회 참여 창업 돕는다,NaN
354,잔다고 해놓고 레이드 택틱 공유 하는 사람 덕분 순위 올랏음,NaN
355,도련님 사진 다행,NaN
356,혹시 주변 길냥이 구조해 보신 있으신 멘션 디엠 부탁드립니다 폭우 어미 마리 유기한 추정 되어서 지켜보아야겠으나 구조 병원 등등 여쭤 보고 싶은게 있어,NaN
357,다행,NaN
358,물질 분해 그리드 힉스 메커니즘 무시 하는 구조 설계 되었습니다,NaN
359,이벤트 추첨 통해 오늘 생일 자인 명의 최애 그려져있는 도무송 보내 드려여 참여 방법 해주세요,1.0
360,의성군 이벤트 상품 참여,1.0
361,예전 부산 살아서 아는데 배수관 쌓인 쓰레기 없애도 폭우 예방 도움 됩니다 기왕 이면 지나가다가 배수관 쓰레기 쌓여있는거 같으면 국민신문고 설치 사진 찍고 신고 해주시면 좋아요 학생,1.0
362,시발 개커엽다 공연장 한다고 현진왈 마니와 마니 이벙 쥰비 마니 제발 와주세요 채워주세요 미치겟다 씨발 소녀 당장 출동 자리 잇으면 다행,NaN
363,이런 보면 저희 선생님 명절 선물 받으셔서 다행 저희 스승의날 선물 챙기거든요,NaN
364,그쳐서 다행 디디,NaN
365,그럼 다행 헤헤,NaN
366,친구 신청 주셨네요 공략 아니라 레벨 부족한거 아닐까 일단 친구 지원 유닛 빌려서 보세요 아마 제일 도움 되지 않을까 싶은,1.0
367,격의 허용 되니 노인 환자 케어 하기에는 좋은 점도 있었다고 시기 놓쳐서 심각하게 되는 쉽게 문진 하면 다행,0.0
368,이제 보여줄 있다 스티븐 주황 머리 어떤 가요 어울리나요 오늘 루미 덕분 행복하게 마무리 완료 고마워요 루미너스,NaN
369,폭염 한증막 극한 광고 제작 탄생 찜질방 마니아 미연 양세형 아이 미연 광고 경북 페스,NaN
370,도지 사운드 클럽 마이크로 서울 페스티벌 글림 이벤트 진행 합니다 이번 이벤트 서울 랜드 페스티벌 티켓 제공 예정 입니다 글림 점수 상위 랜덤,1.0
371,같은 앓는 다행 생각 하는데 하면 하구 생길 아니 조용히 있는 무어,-1.0
372,밤새 물난리 났는데 복구 대책 공무원 출근 하라 최고 관료,1.0
373,정국 이의 스물 여섯 생일 맞이 포트 진행 합니다 이벤트 공지 추후 안내,1.0
374,년도 충청도 엄청나게 왔음 김정숙 여사 수해 현장 가셔서 복구 작업 우셨는데 마을 인근 사는 여사 사람 좋고 고마웠단 얘길 들려줬었다 관심 지방 수해 현장,1.0
375,비밀 사이 김수현 느와르 컨셉 건망 지인 지원 저장 재업 금지,NaN
376,비숑 미용 근육 이완 아아 주세 창업 준비 즐거운 직딩 일상 달맞이 갤러리 하동균 화랑 미술 부산 유기견 봉사 수지 한남 카트 하는 사람 부안 안마방 아프리카 신림동,1.0
377,쌍방울 혜경궁 법카 녹취록 덕분 오늘 꿀잠 예약,NaN
378,이럴수가 늦어 구해 다행,NaN
379,어글리슈즈 캠핑 마블 스퀘어 든든한 지원,NaN
380,가끔 트친 자소 헤이트 논거 읽을 레알 친구 유지 해주셔 서너 감사 드립니다 하고 저절로 무뤂 꿇기 자세 있음,1.0
381,티니 덕분 더쇼 초이스 관왕 달성 오늘 내일 사랑 해요 에이,1.0
382,에고 나눔 들고 움직이는것도 일이 겠다요 어지간한 정성 진짜 감사 한일 있어서 좋다는,1.0
383,드뎌 아이 도착 했어요 오빠 인천콘 입혀서 데려가려 했으나 망할 코로나 때문 콘도 가고 휴가 놀러 가고 출근 이쁘니까 감사 드립니다,0.0
384,저희 의상 책임져주시는 은희 감사 드리고요 스껄,1.0
385,마음 졸여가며 새벽 해시 신분 감사 드려요,1.0
386,극한 열운 목줄 추천 돌이 탈출,NaN
387,초대 지원 해보고싶은데 검사 지랑 흡연 아쉽네요 동이 좋으 신분 같은데,NaN
388,미필 애사 코스터 수요 조사 반드시 구매 하실 분만 참여 부탁드려요,NaN
389,주인 화가 업데이트 되었습니다 정식 사이트 봐주시는 모든 감사 드립니다,0.0
390,지민 민시 이번 수혜 국민 충격 받은 가운데 정신 육체 힘드신 조금 보탬 되고자 적은 금액 지민 이름 동참 했어요 피해 없고 복구 되길 바랍니다,-0.3333333333333333
391,김호중 한가위 판타지아 김호중 좋은 추억 만들 모집 합니다 듀엣 지원 모집 기간 듀엣 지원 하기 청곡,1.0
392,자주 들어오지 해도 탐라 마리모 둬주시길 바라며 지금 함께해 주신 감사 의미 트친 한정 알티 이벤 합니다 뽑아서 환상 드릴게요 트친 한정 알티,0.0
393,시행 진법 막으라는 맹주님 있었습니다 시간 맞춰 도착 다행 이군,NaN
394,작성 지역 신분 지원 부탁드립니다,NaN
395,휴닝 카이 생일 기념 드림 이벵 관부 추첨 레이서 카이 홀로그램 포카 스티커 보내 드립니다 카이 늦은 카이,NaN
396,일러스트 제작비 썼는지 퀄리티 좋지 않습니다 주인공 살리려고 같은데 그냥 찰흙 참기름 발라놓은 느낌 모션 어색하고 같은 동작 우려 먹고 다행 파트 비중,-1.0
397,친환경 마루 힐링 경성대 맛집 마산 코로나 일직동 세차 베이컨 포테이토 피자 고트 델리 피자 부안 지도 월성동 무안 알뜰 매장 통영 덕분 유아 썸머 소통 그램 광교 마카 횡성 치킨 미기 정떡 창룡문 열기구 옴브레 나유 썸띵,1.0
398,여름 추첨 팔로워 엽서 보내 드릴게요 배송비 부담 가능하신 분만 참여 부탁드릴게요 도겸 호시 세븐,-1.0
399,게임 이건 사실 없다고 봐도 무방 합니다 추리 잠입 표방 하지만 추리 사실 상의 기억 테스트 잠입 잠입 아님 어떤 잠입 게임 주인공 닥돌하 않습니다 흔한 경비,NaN
400,츄츄 츄츄 덕분,NaN
401,어제 오늘 폭우 혼자 고양이 강아지 수십 마리 보호 하시는 할머니 견사 잠길 위기 봐요 옮겨야하는데 할머니 편찮으셔서 일손 고용 해야 한다고 합니다 여유 되시는 후원 봉사 관심,0.0
402,쿠로 생일 카페 등신대 공개 합니다 일러스트 협력 주신 추가 협력 감사 말씀드립니다,1.0
403,프로 통해 귀한 마음 후원 전달 해주신 이름 모를 트친 다시 한번 정말 감사 드립니다 어찌 됐든 감사 인사 전하 싶은데 이름 밝히시니 방법 없네요 보고 계시 내겠습니다,1.0
404,남동구 의회 정책 소통 간담 개최,-1.0
405,윈터 베어 축하 일간스포츠 하드 사진 일간 감사 드립니다 태형 방탄소년단,1.0
406,진짜 살다 살다 재난 상황 어떻게 복구 다음 재난 어떻게 대비 할지 대한 뉴스 아니라 재난 상황 대처 하느라 대통령 넘어 퇴근 했다 뉴스 야하는,-1.0
407,동두천 먹자 골목 자지 개척 교회 신상 입고 교회 꽃장식 공원 부산 할리데이비슨 지금 우리 학교 국내 여행 챔피온 스포츠 양산 무용 학원 주짓수 하는 여자 개월 아기 올리고싶지만 거울 창경궁 스냅 프리지아 망원동 맛집 운암 동안,1.0
408,하면 같음 그래요 다행 다른 멋있어요 하고 장난 크게 분위기 달라질 같지는 않음 그냥 지나가는 해프닝 정도 마음 먹었던 일이 그냥 잡고 먹고 가서 할지나 이야기 하겠지,NaN
409,쌍방울 그룹 이재명 측근 변호사 있던 이유 이재명 자금 관리 쌍방울 그룹 자금세탁 집행 자금 원천 화천 대유 천화 동인 아이 지역 상품권 성남 협찬 우회 지원,NaN
410,빛나는 에피파니 소중한 주년 하진 했지만 주년 해서 정말 다행 방탄소년단,1.0
411,뽀야 생일 축하 생일 카페 다녀왔습니다 준비 해주신 모든 고생 많으셨고 감사합니다 덕분 예쁜 굿즈들 얻어 갑니다 솨생카 로어 오솨 솨생카 서울 도쿄 오사카,1.0
412,세상 자랑 할게 없어서 수해 복구 예산 자랑 역시 가로등 정비 예산 보도 블럭 정비 예산 국방 쓸데없다고 그거 기본소득 하자던 이재명 지지자,-1.0
413,이벤트 슬로건 거대한 사람 넘어요 보고 그거 아세요 넘었어요 사람 덕분 하는 어떻게 사랑 하니,1.0
414,대통령 중대 업적 안보 정책 회복 대북 굴종 관계 척결 반미 정책 철폐 망국 원전 정책 철폐 한미 군사훈련 복원 민정수 폐지 유럽 대의 무기 청와대 공원 공무원 개혁,1.0
415,여기 와서 커버 순서 와서 다행 건지 계현 베리 베리,NaN
416,화순군 농업 에너지 이용 효율 지원 사업 추가 신청 접수,NaN
417,생일 이벵 팔로우 해주면 휴닝이 아름다운 생일 이벵 당연히 휴닝 생일 휴닝이 생일 타팬 알리기 위해 모아만 참여 타팬 참여,1.0
418,비잔티움 제국 다행 니케 로스 포카스 요안네스 치미스케스 탁월한 무장 동시 뛰어난 정치가 였다 불가리아 격파 로마제국 황녀 테오파노 시집 보내 서방 갈등 최소 화하려 노력 했다,0.3333333333333333
419,오빠 덕분 다양한 해보는 같아요,NaN
420,견뎌내줘서 고맙다 덕분,1.0
421,간단히 설명 해드려요 저쪽 생각 무전 치셔서 좀비 당했습니다 덕분 감사하네요,NaN
422,지민 사랑 오늘 우리 지민 덕분 치열하고 행복했어 나잇,1.0
423,안녕하세요 새벽 시간 푸슝 자주 터지는 같아요 아마 전이 되면 복구 같아요 정상 열리면 질문 남겨주세요,1.0
424,용산 차품집 아주 파라다이스 같았던 푸릇푸릇 공간 옵티황 감성 묻어나던 카페 공간 덕분 마스크 뚫고 광대 솟아오르는거 참았습니다 다만 럭드 모르고 럭드광인,NaN
425,축제 판매 되었던 투명 하바 리움 일러스트 지원 드렸던 그림,NaN
426,팬아트 인원 많이는 처음 그려서 조금 부족할수도 있습니다 재밌는 영상 감사 드립니다 헤헤 동부,1.0
427,보시 인별 좋아요 댓글 주심 정말 정말 감사 드립니다,1.0
428,광주 북구 선물 무려 체인지 키트 일식 브이넥 원숭이 띠맘 칠곡군 전문 가맹 좋아요 반사 작은방 그램 발효 번방 짹짹 합격 찢어진 가죽 복원 사천 맛집 허전하네 디올 슬리퍼 고양이 공기 정화 식물 추천 초보 집사 미라,0.0
429,은행권 중기 소상 공인 금융 지원 경제위기 극복 합심,NaN
430,좆망 나쟤민 마인 찍은 사진 덕분 갑자기 했다면,NaN
431,우리 아미 세계 최강 파워 봉봉 우리 편이 다행 입니다,NaN
432,안남 써여 조금 해봐여 우리 이불 우리 편이 다행,NaN
433,장관 경선 참전 지지율 나눠 먹기 결선 목표 였던것으로 보였던 개는 추미애 할수있다 구호 적극 지지 하지만 이재명 대세 중간 장관 팽시키 태도 돌변 작자 애초 낙엽 쓰레기 였어,0.0
434,넘어서 같은데 시간 일찍 깨워줘서 고맙다 모기 덕분 새벽 기도 마시고 좋네 대신 세상 내줬는데 불만 없지,0.0
435,시민단체 이런 일도 했구만 시민단체 원금 끊어야 시발,NaN
436,수원지검 형사 부가 수사 하도 하셔서 덕분 변호 사비 대납 수사 담당 하는 공공 사부 일복 터져 형사 뭉개 흘리던 수사 추가 하느라 휴가 반납 시간 근무 하고있다고 명운,NaN
437,엠카운트다운 사전 녹화 생방송 참여 명단 안내 키노 자세한 내용 펜타곤 게시판 확인 시기 바랍니다,NaN
438,일단 역대 대통령 청와대 숙식 해서 출퇴근 개념 아예 없었다는 사실 가려야 국가 지원 받는 뉴스 통신사 아닌가 싶고,NaN
439,만나서 다행,NaN
440,오늘 아침 뉴스 보는데 날씨 캐스터 이제 호우 남부 지방 내려갈 예정 다행 입니다 빡쳤어요 서울 물난리 아래 내려오는게 다행,NaN
441,터칭 더보 이드 커튼 오늘 빛났던 우리 배우 모든 배우 들의 열연 나도 모르게 몰입 모든 배우 덕분 행복했어요 선호 연극 터칭 더보 이드 후기 부드러운 여름날 터칭 더보 이드,1.0
442,키캡 전주 옷가게 참여 스폰,NaN
443,이벤 팔로워 한정 알티 추첨 흉상 그려 드립니다 항상 커미션 신청 해주시는 정말 감사 드립니다 추첨 월안 여유롭게 뽑을게요,1.0
444,강원도 산불 전국 소방차 분란 장관 이루며 출동 배경 정부 전국 소방 네트워크 통일 시키고 권한 소방청장 주고 격상 시켜 덕분 였음 코로나 해외 교민 긴급 수송 국가 나를 지켜,-1.0
445,푸러 한정 이벤트 아주 늦은 이벵 세트 보내 드릴거에요 인형 담요 있더라구요 국내 주소지 있어야 합니다 참여,1.0
446,아기 찾았 대요 다행,NaN
447,맞아 줬더라면 거기 였던 겠지 아니라서 다행,NaN
448,브로 확정 경쟁,NaN
449,서로 소홀했는데 덕분 소식 듣게 하상욱 단편 시집 애니팡,NaN
450,의정부 반려견 교육 남원 여대생 오픈 행사 접시 개업 화분 마사지 치즈 라면 서귀포 재생 관리 보문산 장흥군 사회자 원주 마카롱 집밥 메뉴 응원 감사 드려요 이태원 메이드 제주도 스냅 웃기 파주 축제 하는,1.0
451,저항 실험 방법 하나 스타킹 잘라 가루 넣고 자원 감아 실제 숙주 상호작용 살충 효과 얼마나 되는지 보는 여기 미군 아닌 한국,NaN
452,엘소드 신규 레이드 업데이트 심연 지배자 등장 문명 흔적 잠든 심연 근원 마주 심연 최대 분만 접속 해도 회수 지급 레이드 드랍률 회수 사용 횟수 증가,NaN
453,갓세븐 박진영 호우 피해 복구 성금 천만원 기부 공식 입장 출처 뉴스 네이버 연예 박진영 진영,-1.0
454,오늘 울려 퍼지는 티니 응원 에이 티니 덕분 매일 행복하게 무대 완료 에이,NaN
455,감사,1.0
456,업데이트 알림 달빛 하울링 화가 업데이트 됐습니다 오늘 정식 사이트 봐주시는 모든 독자 들께 감사 드려요 달빛 하울링 나래 리나,0.0
457,오덕 상점 히든 스테이지 골든 일드 신곡 세상 리하 돌아왔습니다 그리고 주간 사랑 하는 수저 금동 들도 돌아왔지 주간 친필 사인 기념품 이벤트,1.0
458,우리 호비 덕분 한주 행복했다 고마워 내사 럽겜,NaN
459,싯구 리버시 다행 훌쩍 가오 상처 좋아요 동생 알고있으련 지요,-1.0
460,김뉴 아바타 연결 되어 다양한 미션 통해 도시 재건 디지털 가상 세계 확장 하는 사용자 참여 메타 버스 플랫폼,NaN
461,덕분 계정 주행 존나 웃기,NaN
462,추첨 이벤트 추첨 문상 문화 상품권 카페 홍보 해주신 문화 상품권 드립니다 행사 기간 입니다 마감 당일 추첨 예정 팔로우 금지 알티,1.0
463,민주 당원 이재명 대한 강력한 불신임 넘는 당원 투표 거부 하고 있다 매우 심각한 상황 민주당 경선 끝난 다해 유증 계속 이어진다면 차기 총선 민주당 완패 보듯 뻔한 일이 친문,-1.0
464,진짜 뜬금 일수 있는데 오늘 서울 페스 구역 이셨던 스테이 친해지고 싶은데 급하게 일행 따라 나가느라 아무 얘길 해서 찾고 싶습니다 별거 아니지만 알티 해주시면 무한,-1.0
465,동안 찾아주신 황도 감사 드립니다 덕분 무사히 마무리 되었어요 오랜 진행 하는 이벤트 아쉬운 점도 많고 혐생때문 카페 가있지도 해서 로서 아쉬움 남은거 같아요 후기,0.5
466,다행 아이스 초코 좋아함,1.0
467,당신 초롱초롱 웃는다 일정 황제 폐하 따라서 움직 이번 화합 끝나면 여유 조금 있을지도 모르는데 일정 볼까 후후,1.0
468,눈물 젖은 덕분 혜택 받아서 미묘한,0.0
469,나도 부상 입은 최대한 정보 지원 하겠다 위험한 역할 맡기게 되어 미안하지만 부탁 한다,-1.0
470,사진 오늘 현재 코로나 일일 진자 현황 폭우 피해 가려져서 보이는 윤씨 정권 과학 방역 결과 나라 더군다나 차이 현격 진자,-1.0
471,공기 빠지는 소리 뚜껑 요동칠 즉시 대피 맨홀 하수 분수 나올 구경 하지 도심 폭우 맨홀 흉기 됩니다 맨홀 뚜껑 솟구칠 징조 기억 하세요,NaN
472,코리아 뉴스 레이 굉장히 인상 폭우 대해 기사 발행 했는데 원인 대책 피해 보상 디테일 정말 필요한 정보 내보내고 있음 국내 여타 쓰레기 언론 자극 뉴스 뽑고 있을,-1.0
473,폭우 골목 쓰레기 수거 되었고 우편물 택배 왔고 지하철 역사 청소 되었다 익명 노동 새벽 전화 돌렸다는 통곡 반지하 노란 점퍼 입고 홍보 사진 찍었다 약자,NaN
474,폭우 진짜 미끄러지면서 무대 해가지고 그래도 눈물 펑펑 쏟고있는데 녹방 온에어 나가는 마지막 거임 어차피 방송 카메라 봐도 되니까,-1.0
475,최근 폭우 피해 상황 파악 난항 겪고 있는 이유 여러 아파트 집값 떨어진다고 침수 피해 숨기 있다고,-1.0
476,폭우 혼돈,NaN
477,폭우 반지하 주택 없애면 폭설 옥탑방 없애면 되겠네 세상 편하게 산다,1.0
478,어제 폭우 톰보이 빌런 등장,NaN
479,알티 부탁드립니다 생후 추정 새끼 고양이 입니다 이틀 폭우 이후 구조 했고 구조 당시 딱지 다리 절뚝거린채 도로 주변 나와 있었습니다 어미 나타나지 않는 확인 하였고 동물병원 데려,NaN
480,대통령실 헬기 타고 이동 있었다는 야당 언론 문제 제기 주민 깰까봐 나갔다고 해명 했습니다 기록 폭우 힘들어하는 국민 위해 대통령 출발 하는데 시끄럽다고 불평 주민 없었을 믿습니다,-1.0
481,서울 페스 런쥔 폭우 각도 별로 흔들어주고 폴더 인사 날려주는 야웅 천사,1.0
482,전임 문재인 대통령 반도 폭우 사태 당시 휴가 반납 하고 호우 피해 마무리 청와대 아닌 정부 종합 청사 근무 했던 대비 되는 또한 아크 비스타 서초구 지대 위치,-1.0
483,이런 사진 받았어요 현재 청주 폭우 아래 내려가고 있나 봐요 무서워요 도로 침수 하고 나서 오는 운전 무서워졌어요,NaN
484,덕질 아닌 얘기 죄송한데 공익트 우리 동네 폭우 흙탕물 침수 도로 맨홀 뚜껑 열려서 바닥 사람 하나 헛디뎌 빨려 들어가고 블록 떨어진 시체 발견 있음 절대로 침수 돼서 바닥 안보,NaN
485,지인 대화 이번 폭우 부자 고급 잃었지만 빈자 목숨 잃었다 빈자 모든 빼앗아 가는것이 재해 같다 멍해지는 마디 자신 생각 봤다,0.0
486,날라가 코미디빅리그 징맨 폭우 충격 피해 수준,-1.0
487,컨트롤 타워 대통령실 폭우 대처 우왕좌왕 대통령 불편 겪은 국민 죄송한 마음 취임 사과 대통령실 사과 아니다 밝힌 직후 사과 수정,-1.0
488,폭우 맨홀 뚜껑 열려 휩쓸려 남매 실종,NaN
489,청주 폭우 나무 쓰러지는 피해 속출 진천 충북 호우경보 뉴스,-1.0
490,폭우 취약 반지하 주택 서울 사라진다 건축 전면 불허 종합 출처 연합뉴스 네이버 뉴스,NaN
491,지금 충청권 폭우 심한가 본데 조용하네 피해 별로 없어야하는데,-1.0
492,디자인 서울 지붕 없는 지하철역 폭우 피해 키운다 서울 디자인 답시고 지하철역 두껑 걷어 사람 오세훈 시장 폭우 문제 겨울 계단 오르다 눈길 미끄러져 병원 실려,-1.0
493,공기 빠지는 소리 뚜껑 요동칠 즉시 대피 맨홀 하수 분수 나올 구경 하지 도심 폭우 맨홀 흉기 됩니다 맨홀 뚜껑 솟구칠 징조 기억 하세요,NaN
494,폭우 혼돈,NaN
495,청주 폭우 무심천 홍수 주의보 집중 호우 충청권 타격 종합 다음 뉴스,NaN
496,속보 국민 폭우 불편 죄송 대통령실 사과 의미 부여 이건 윤석열 대통령 대통령실 도대체 지금 하시는지,-1.0
497,야구장 없다 역대 폭우 다음 되니 다음 스포츠,-1.0
498,현장 노동자 모두 열차 운행 생각 했을 당연히 해야 하는 생각 했죠 사람 쏟아지는 폭우 뚫고 출근 하는데 무섭더라고요,NaN
499,오세훈 바보 이번 폭우 대처 했으면 대선 주자 입지 공고 해지고 예전 이돈 오명 씻었을텐데 개선 없는 행정 각인 되었다 당신 딱히 할거라 기대하진 않았어 다만 피해 시민,-0.5
500,예상 내년 수능 이번 서울 강남 폭우 피해 문제 나옵니다 한국 지리 가족 올림,-1.0
501,폭우 취약 반지하 주택 서울 사라진다 건축 전면 불허,NaN
502,문재인 정부 라면 강남 침수 되었나 누가 책임질꺼야 대통령 시간 있었나 튀겨가며 저주 했을 야당 언론 기레기 지금 한반도 이런 백년 폭우 현상 발생 했는가만 취재,-1.0
503,현재 폭우 사태 대응 하는 거대 정치인 민주당 국민 정원 청장 박강수 구청,NaN
504,기도 한다 스스로 사퇴 하는 멋짐을 보여주기를 꿔다 보릿 자루 이번 폭우 내려가지 않았네,NaN
505,반지하 사는 가족 폭우 대피 안내 방송 없었다 출처 한국 일보 네이버 뉴스,NaN
506,전임 시장 폭우 있었지만 비싼 외제차 침수 정도 강남 잠기 않았거든요 시민 하나 빗물 배출 구의 쓰레기 치우는 물이 빠르게 빠질 정도 였다면 쓰레기 치운 시장 책임,-1.0
507,강력한 태풍 폭우 연중 차례 닥치는 홍콩 태풍 단계 폭우 단계 나눠 경보 떨어지면 공사 모두 일이 명확하다 태풍 이상 이면 모든 업무 학습 중단 되고 즉시 귀가 이상 이면 실외,NaN
508,속보 대통령실 폭우 대응 사과 사과 생각 안해 이투데이,NaN
509,현장 가서 사진 찍고 빈소 조화 하나 보내지 않은 윤석열 대통령 진심 무엇 관악구 폭우 희생 희생 모신 빈소 다녀왔습니다 사람 영정 놓인 빈소 참담한 마음,-0.3333333333333333
510,현장 노동자 모두 열차 운행 생각 했을 당연히 해야 하는 생각 했죠 사람 쏟아지는 폭우 뚫고 출근 하는데 무섭더라고요,NaN
511,강남 부촌 있는 아닙니다 구룡 마을 해도 이번 폭우 재민 넘게 발생 했지요 지역 한정 재난 공평하겠 하지만 같은 지역 부촌 빈촌 있고 재난 공평 하게 닥치,-1.0
512,단독 위너 김진우 폭우 피해 복구 위해 만원 기부 위너 김진우 출처 네이버 연예,-1.0
513,지난 폭우 열린 맨홀 남매 맨홀 빠졌다 신고 접수 신고 시간 떨어진 하수도 동생 숨진 발견 친누나 실종 상태 반포천 일대 수색 범위 넓혀,NaN
514,서울 관악구 신림동 반지하 살며 발달장애 가진 언니 어머니 부양 폭우 익사 여성 백화점 면세점 하청 업체 노조 간부 였던 확인 됐다,NaN
515,문재인 정부 심혈 기울여 구축 놨던 청와대 실시간 전국 재난 상황 파악 가능했던 중앙 재난 안전 대책 본부 윤석열 청와대 창경원 만들면서 세종시 쫒아내 어제 같은 폭우 재난 신속 대응 하는 쓸모 만들,-0.5
516,폭우 고생 하는데 역겹지 않니,NaN
517,이민혁 폭우 레전드 자극 하루 얻습니다,NaN
518,폭우 쏟아져 강남역 일대 물바다 시간 사이 실종 되었는데 뚜껑 폭발 열린 한강 이어진 맨홀 사라졌고 폭포 물이 밀려 들어가는 지하 주차장 빨려 들어가 실종 되었다고,NaN
519,꾸리 꾸리 폭우 날씨 함께한 서울 페스 런쥔,NaN
520,이번 폭우 사망 노동자 주민 장애인 명복 빈다 재난 불평등하다,-1.0
521,폭우 심각하네,NaN
522,폭우 피해 와중 박찬 잼있다 다음 뉴스,-1.0
523,단독 위너 김진우 폭우 피해 복구 위해 만원 기부 출처,-1.0
524,폭우 외출 위험해 지금 있는게 안전해 이불 숨어서 덜덜,NaN
525,이상 팔리면 추첨 정리 합니다 캐럿 우물 팠네요 지금 폭우 나갈 없어 거래 보내는데 시간 걸린다는 양해 부탁드려요 세븐 양도 우치,-1.0
526,아침 바리 왕자 오후 우월 저녁 폭우 피해 성금 기부 하며 우는 진영,-1.0
527,컨트롤 타워 대통령실 폭우 대처 우왕좌왕 다음 뉴스 댓글 설치는 일베 쓰레기 하고 있다 발광 막산 악귀 새끼 대한 수사 기소 폭제,NaN
528,이틀 기록 폭우 수도권 마비 사망 실종,-1.0
529,예정 되어 있던 폭우 오는게 아니라 나현 눈물샘 않았나 크라이프 부르는 이른 기분 알까 가챪 인생 가챪인,NaN
530,정체전선 남하 폭우 불어 청주 무심천 범람 우려,NaN
531,대전 침수 대전 새벽 천둥 번개 동반 강한 중구 화동 시간 폭우,NaN
532,열구 궁지 몰린 윤석열 폭우 드립 왔는데 빨간아,NaN
533,시계 폭우 하구 적고 있는데 자꾸 가는거 같은 그런 기분 들어여,NaN
534,서울 페스 런쥔 폭우 버퍼링 댄브 하늘 떨어지는거 아냐 런프들 눈물,-1.0
535,주차장 침수 꺼내놨더니 위반 딱지 상식 폭우 서울 자치구 정차 단속 단속 재난대응 쏟기도 벅찬데,NaN
536,폭우 때문 배송 걱정 하셨을텐데 다행 뽀송뽀송하게 도착 했답니다 포장 은은하니 대감 상승 책표지 영롱한 빛깔 심쿵하고 깔끔하게 정리 내용 감동 소중히 직할,0.5
537,아니 시민 하냐고 얼마나 답답한 상황 이면 시민 달려와서 하는지 이상 집중 폭우 인한 피해 적었으면 좋겠다,-1.0
538,차량 빼고 험담 입니다 태풍 인해 한번 침수 폭우 피해 경험 목격 했어요 그리고 전자기기 침수 되었다면 최대한 있을 만큼 물기 털어내고 지퍼 가득 담아서 넣어 두세요,-1.0
539,매미 폭우 와중 빗발 줄어드는 찰나 발생 하면 다해 교미 상대 찾아 울어 댄다,NaN
540,새벽 보고 받고 지침 내려 폭우 피해 양산 갔던 문재인 대조 처럼 지랄 반지하 아니고 아파트 침수 됐었데,-1.0
541,기후 재난 불평등 보여주는 해수면 상승 생존 위협 몰디브 수중 각료 회의 사진 서구 자본주의 채굴 탄소 배출 경제 재난 세계 인구 전가 되었다 폭염 폭우 토양 해양 오염 가해자 피해자,-1.0
542,폭우 참사,NaN
543,시간 강남역 폭우 실험 불과 뚜껑 튀어 올라 사람 차량 밟고 있어도 튕겨나 흐름 살피 건물 붙어 이동 집중호우 맨홀 뚜껑 하늘 튀어 올랐다,NaN
544,새끼고양이 임보 입양 가능하 신분 찾고 있습니다 장소 서울 서대문구 은평구 입니다 이틀 폭우 이후 생명 위태 아이 구조 했는데 가족 급하게 구조해 금전 환경 여건 충분하지,-1.0
545,이종락 화백 많은 쫄보 퇴근길 아파트 침수 장면 목격 하고 차지 않는 언덕 초고 전화 폭우 상황 점검 하는 나라 나라,NaN
546,아미 조심해요 방탄소년단 지민 미국 해온 사랑 폭우 피해 염려 날씨 요정 방탄소년단 지민 지민,0.0
547,그것 싶다 지난 폭우 강남 일대 피해 보신 연락 기다립니다 카카오 플러스 친구 그것 알고싶다,-1.0
548,소름 끼쳤다 어제 트위터 소식 쏟아지고 있었는데 강원도 폭우 오고 있다는 소식 전혀 보지 있다가 방금 트윗 하나 보고 겨우 알았다 여태 전부 서울 인천 얘기 였음 서울 거의 단위,-1.0
549,표지판 정확 모르겠는데 폭우 였을 근처 생긴 도로 잠겼었거든요 도로 저지 대고 내리막 이어지는 도로 다행히도 저희,NaN
550,오늘 날씨 장마전선 영향 충청 전북 최대 많은 서울 경기 폭우 언제,NaN
551,헤어진지 폭우 쏟아지는 여주 맞고 있는 아닌지 감기 걸린 아닌지 계속 생각 중임 그때 울리는 전화 무시 했는데 울려서 확인 해보면,-1.0
552,폭우 피해 입지 미리 미리 하천 하수 점검 더운데 국민 시원하라고 전기요금 올리고 문재인 정부 소소한 그런데 관련 중요 신경 써주고 그랬다,-1.0
553,강남역 미쳤다 서울 폭우 와서 천둥 번개 심하니까 건물 번쩍 거리 한번 꺼짐 나머지 건물 정전 되면 깜깜 할텐데 가세 기적 거릴 수록 손해,-1.0
554,폭우 물이 필요한 그것 잔뜩 필요한 빠른 입금 내려 꽂아 주면 좋겠어,NaN
555,이재명 판하 않고 송영길 서울 출마 하지 않았더라면 서울시 청장 참패 했을 폭우 대처 하는 자세 더욱 이재명 송영길 용서,NaN
556,강승규 수석 온다고 대통령 퇴근 강승규 윤석열 대통령 전화 지휘 폭우 피해 이경태 기자,-1.0
557,멀리 제주 혜화 응원 해주시는 책방 자국 인스타그램 계정 반가운 사진 발견 폭우 폭우 전후 하여 일어나는 여러 마음 꺼질 같은 오후 이겨 있게 해주셨다,1.0
558,아니 시민 하냐고 얼마나 답답한 상황 이면 시민 달려와서 하는지 이상 집중 폭우 인한 피해 적었으면 좋겠다,-1.0
559,편집 고양이 혼자 폭우 떨고 있어서 구조 고양이 한다,NaN
560,대문 막내 흠뻑 젖은 강아지 목줄 잡고 있었고 우리 집은 당시 작은 골목 있었는데 건너편 지대 높고 우리 집은 꺼진 지대 커다란 멘홀 있었는데 엄청난 폭우 견디,1.0
561,이번 폭우 윤석열 보인 추태 사실 박근혜 정사 초유 수식어 붙진 박근혜 시간 처럼 재난 상황 대통령 관저 뭉개 상황 악화 됐단 동일 뭉갠 이유 다르긴 박근혜,-1.0
562,하루 수십 터진다 폭우 문제 아니다,NaN
563,충청권 대전 충북 충남 세종 집중호우 자연재해 상황 입니다 청주 무심천 수위 급격하게 높아지고 있네요 대전광역시 괴산 도교 청주 흥덕 홍수 경보 주의보 내려졌습니다 대전 갑천 진잠,NaN
564,폭우 물이 불어 날때 상처 맨발 걷다가 봉와직염 걸렸어요 감염 되서 여러분 맨발 샌들 상처 있다면 거즈 소독약 구비 두세요 더러운 닿으면 바로 독해 야합니다 그럼,-1.0
565,리블렛 인스타그램 오픈 지원 레미 채린 메이,NaN
566,얼마 엄마 빌라 마당 낯선 성인 남자 있는 고양이 우산 때리는 발견 해서 우리 키우는 고양 때리냐고 소리치자 남자 도망갔다고 한다 엄마 빌라 구조 특이해서 주민 아닌데 외부,-1.0
567,무리해서 건너 찾아봤는데 여기 막히면 완전히 고립 되는 마을 구조,NaN
568,하성 하성 하는 블랭크톡 성운 하고 싶은 다양한 이야기 보내주세요 성운 하늘 이야기 읽고 직접 해드려요 참여 기간 참여 링크,NaN
569,솔직하게 이야기 하면 어른 어른 대화 진행 되었어야 했다는 생각 든다 구조 임보 입양 관련 해서 경험 많고 아는 많으면 귀찮고 지긋지긋해도 사람 마음 보편 어떻게 흐르는지,-1.0
570,인별 배우 박진영 집중호우 발생 재민 수해 복구 성금 천만원 기탁 박진영 진영,NaN
571,카페 만년 어워즈 라인업 공개 카페 활자 투디 돌이 출격 하는 어워즈 시작 합니다 일간 참여 보면 최대 캐시 뽑기,NaN
572,첫사랑 엠카운트다운 공개방송 참여 명단 안내 첫사랑,NaN
573,윤가 편히 비판 있어서 얼마나 다행 이재명 이었어 팩트 까도 대리 고발장 날아옴,0.0
574,착용 신분 있었군요 좋다니 다행 임니다,NaN
575,조지 덕분 엄두 났던 화양연화 이제 한번 들여 예정 나도 이제 화연 돌이 이따 오빠 나도 만들어 봐서 아는데 제작 포장 배송 어마어마한거,NaN
576,지원 허지원 리블렛,NaN
577,트윗 봐서 다행 조직 절단 됐을 애꿎 조직 제거 부드럽게만 뻔했네,NaN
578,중요 음슴 대해 아시나요 설문 조사 참여 주세요 설문 소요 되며 결과 학술지 논문 고용 이용 되오니 많은 참여 부탁드립니다 추첨 통해 편의점 금액 드려요,NaN
579,단독 산사태 권위자 백현동 옹벽 아파트 안전성 검토 해야 출처 중앙 일보 네이버,NaN
580,만원 만원 정도 받고 집안일 하면 조금 받는 구조 그냥 거렁뱅 잡채,NaN
581,엠카운트다운 생방송 참여 명단 안내 에이,NaN
582,참여 안내 더보이즈,NaN
583,단순히 시가 우지 데리 나갔네 호우 보다 쉬는 좋고 하러 이긴 하지만 그때 그때 누릴 있는 누리 좋은 사람 좋은 시간 보낼 있다는 시가 우지,1.0
584,보자의 마음 전달 부탁 드리는 가장 좋았을 그런데 하지 않았을까 구조 많은 사람 대체로 되지 않는 이유 관해 추정 없다 그리,-1.0
585,심지어 라가 엄마 하임 무사하십니까 레이디 아유 라우스,NaN
586,생일 행복하다 생각 예전 공연장 축하 받을 이후 생각 해봤던 같아요 이번 축하 받고 여러분 만나고 가족 만나니 어느 행복합니다 다시 한번 감사 드리고 감사합니다,1.0
587,단독 인성 다정한 강태오 수해 재민 위해 만원 기부 강태오 희망 브리지 전국 재해 구호 협회 통해 부금 전달 했다 강태오 기부 금은 이번,1.0
588,내과 가서 왔어요 덕분 얼른 나을 같네요 금방 건강해져서 올게요,NaN
589,잔해 에메트셀크 휘틀 우스 전이 미스 육체 구성 아젬 데려오고 네스 거기 고정 시켰다 생각 있는데 그렇다면 전이 조갈 형태 구현 하지,NaN
590,다행 이긴하다 없었으면 주변 고였을거 아녀,NaN
591,남자 덕분 하루 버텨요 현재 이재현 더보이즈,NaN
592,뮤직뱅크 사전 녹화 생방송 참여 안내 에이,NaN
593,진짜 한숨 푹쉬먄 아니 일요일 월요일 일상 했는데 찾아보니 대체공휴일 다행 싶었어요,-1.0
594,감사 드립니다만 그런 조치 부탁드리려 모신 아닙니다,1.0
595,피해자 용기 기억 하라 일본군 위안부 림일 맞이 집회 세계 연대 집회 수요시위 독일 미국 세계 곳곳 연대 발언 수요시위 참여자 우리 지금 강하게 역사 진실 마주 피해,0.5
596,이브 덕분 귀중한 자료 닿았습니다 감사합니다,1.0
597,살이 쪘었는데 스스로 자존감 떨어졌었거든요 그때 같은 남자 애가 그러더라고요 거울 보면 자괴 드냐구 무상처 됐어서,-1.0
598,서울시 공무원 근속 아들 로서 한다 아버지 호우 주의보 뜨면 퇴근 하시고 비상 대기였음,NaN
599,다시 돌아온 오늘 새로운 이벤트 유니콘 방식 보고 참여 해보세요 새롭게 재탄생 유니콘 선택 유니콘 한번 선보인 없는 다양한 이벤트 언텔 빛전 능력 평가 스킬 마스터 각종 이벤트,1.0
600,지인 참석 인원 모집 시간 장소 누군가 낭농 추후 고지 서버 류트 최소 개최 인원 최대 개최 인원 참석 질문 필수 작성 디엠 신청 받을게요,1.0
601,골프장 씨발 없애고 다시 나무 심어라 제발 잘데기 없는거 때문 산사태 일어나는데 새로 밀고 만들고 지랄 머릴 밀어 버릴라,NaN
602,배달 가해 여성 고객 피해 문제 일어날 수도 있는 일이 아니라 실제 빈번 하게 일어나는 일이 고용 구조 비인간 하기 젠더 폭력 억압 논의 되어야 배달 부가 정규직 안정 고용 된다고 해서,-0.5
603,귀여운 모노 이벤트 합니다 포화상태 의상 인형 진행 하겠습니다 배송비 별도 괜찮으신 분만 참여 부탁 합니다 국내 무속 인덕 장터,1.0
604,트리 참여 아티스트 빅톤 추가 되었어요 참여 빅톤숲 만들어 보세요 참여 링크 빅톤 트리,NaN
605,보검 데뷔 주년 축하 해요 좋은 기억 추억 덕분 전하 싶은 이야기 나누 고픈 이야기 마음 바라는 대로 마음껏 그려 봐요 할게요,1.0
606,교통 미시령 옛길 통제 오전 미시령 옛길 호우 낙석 발생 차량 운행 전면 통제 됐습니다 현재 복구 작업 진행 중이 복구 끝나는대로 통행 재개 예정 입니다,NaN
607,한국 세계 최대 규모 리튬 광산 발견 자원 빈국 알았는데 천연 자원 반전 중국 배터리 사용 전기차 미국 판매 금지 출처,NaN
608,이벵 타팬 참여 가능 느리게 할게요,NaN
609,개념 탈출,NaN
610,수안 리무진 서비스 값진 경험 이었구 불러주셔서 감사 드립니다 편하게 노래 뽐낼 있게 진행 주신 최고 무진 선배 건반 쳐주신 대훈 예쁘게 담아주신 카메라 감독 작가,1.0
611,구례 잠겼는데 일반인 평소 낚시 나갈 타는 미니 보트 동네 노인 했다고 정작 본인 공장 침수 되고 떠내려갔데 이제 요령 생겨서 다시 구조 해야되 할수 있으실거 같다면,NaN
612,안녕하세요 더쇼 결방 따라 모금 일찍 종료 하려고 합니다 입금 관련 자세한 내일 올려 드릴 예정 환불 원하신 내일 환불 해드릴 예정 입니다 많은 참여 감사 드리며 다른,1.0
613,해시태그 공모 오늘 저녁 받겠습니다 지금 대한민국 실시간 트렌드 해시태그 모두 내려간 상황 입니다 차로 해시태그 진행 할지 할지 투표 진행 예정 입니다 많은 비분,NaN
614,다행 햇빛 없어서 덥당,-1.0
615,포토 뉴진스 민지 호우시절 두시 탈출 컬투쇼 출근길 민지 뉴진스 컬투쇼 출근 퇴근 프리뷰,NaN
616,감사합니다 덕분 다운 받고 가입 했어요,NaN
617,포토 뉴진스 민지 출근길 도도하게 두시 탈출 컬투쇼 출근길 민지 뉴진스 컬투쇼 출근 퇴근 프리뷰,NaN
618,리디 영아 작가 백작 정부 시대 노예 선출 기념 이벤트 정남 대물 절륜녀 노예 되지 않으련 얌전히 수락 하면 목숨 살려주지,-0.3333333333333333
619,피터 엘리 지내는 같아서 즐겁네요 많은 엘리 장난 기있는 피터 뭔가 맞는 해석 같구요 친하게 지내는 같아 다행 이건,1.0
620,하늘 구멍 뚫렸나 먹는데 쓰나미,NaN
621,해피 재윤 로드 인증 이벤트 당첨 발표 어려운 시국 날씨 인증 해주신 감사 드립니다 첨자 저희 드리겠습니다,0.3333333333333333
622,장원영 뮤직뱅크 생방송 참여 안내 참여 기간 자세한 내용 공식 팬카페 확인 주세요,NaN
623,원합니다 어머니 생신 특별한 선물 해드리고 싶어서 한번 신청 해봅니다 있는 해드리고 싶었는데 부족하더라구요 생신 선물 사는데에 조금 보태,1.0
624,불쌍한 척도 매혹 외모 인품 배경 포함 하비 덕분 알려 는데 매혹 섹스 어필 아닌겋 알려지면 젛겟음 그런 의도 매혹 쓰는게 아닌데 아는 사람 성적 상황 몰아가는거,-1.0
625,마침 작은 우산도 있고 다른 트친 자비 지금 가랑비 다행,1.0
626,포항 지진나서 수능 미뤄졌을 지방 했더라,NaN
627,넘나 감사,1.0
628,무더위 물러난 선선 가을 국내 최대 문화유산 축제 가을 문화 축전 들어갈 자원 활동가 모집 합니다 도화서 화원 의상 착용 곳곳 누비 시민 귀가 되어줄,NaN
629,연기 다행,NaN
630,다르고 다른 차라리 중부지방 대조 폭염 가뭄 남부 지방 상황 설명 가뭄 갈이 되었으면 좋겠다고 밝히거나 남부 지방도 폭우 대비 하시길 바란다는 그런 어조 보도 하는게 언론 윤리,NaN
631,늦은 연하 연상 특별 화보 나온 기념 하는 엽서 나눔 이벤트 구성 엽서 랜덤 포카 참여 방법 해당 게시 인용 리튓 하신 트친 무작위 추첨 기간,1.0
632,우리 지민 이의 따수운 날씨 화창하고 맑게 만들었네 다정한 지민 덕분 오늘 예쁜 하늘 구경 지민 보고싶다,1.0
633,으음 타고 능이 오리 백숙 갈기 사진사 모셔요 차량 있으시면 유비 식사 지원 화산 귀환 이상 보신 매우 환영,NaN
634,이벤트 추첨 반짝 투명 돌고래 핸드폰 부분 키링 사용 가능한 제품 안쪽 자그맣게 박혀있는 파츠 덕분 받았을 예쁠 같아요 마감 가격,1.0
635,마고 로비 왔는데 계속 하진 않겠지 요미우리 와줘서 정말 다행,NaN
636,여자아이 아이 민니 인형 깜뭉늬 수요 조사 제작 확정 추첨 깜뭉늬 보내 드립니다 구매 하실 참여 부탁드립니다 수요 조사,NaN
637,덕분 좋은 시도 읽고 필사 하면서 개인 좋았던 시간 이었어요 미션 성공해서 선물 받았네요 감사해요,1.0
638,극우 유투 버들 신고 하자고 시간 내어 주도하시는 애쓰시는 노고 눈물나게 감사 드립니다 신고 리스트 올려진거 들어가 잠깐 신고 하는것도 아픕니다,1.0
639,다행 감사합니다아,NaN
640,팔로워 이벤트 해주신 추첨 통해 랜덤 꾸를 드려요 많은 참여 부탁드립니다,1.0
641,하루 나비 생일 추첨 하루 나비 컨셉 매듭 팔찌 드려요 생일 하루 전인 하시면 참여 완료 반택 등기 보내 드립니다,NaN
642,한국 미에 기분 좋아서 날뛰는 요가 하는 잡지 나눔 리트윗 국내 거주 둥이 참여 가능 옾깐빌킨 떼이도 있는 혜자 잡지 별거 아니지만,1.0
643,지난 자정 웹툰 화산 귀환 작가 모션 공개 시간 잘못 기재 되어 정정 하였습니다 혼란 드리게 사과 드립니다 웹툰 화산 귀환 보여주신 기대 감사 드리며 모션 음원,0.3333333333333333
644,닉네임 바꾸면 섹시하다 풍뎅이 아니라 섹풍수뎅 다행,1.0
645,소소하게 경사 생겨서 사유 할인 받는 장르 콜라보 소식 오랜 알티 이벤트 돌려 봅니다 추첨 원하는 타입 그려 드릴게요 추첨 합니다 항상,1.0
646,아부지 나도 덕후 다행 불행 관심사 일치 하는 드물다 아부지 테키 아웃도어 하며 골프 클래식 취향 고상하 서브컬쳐 예술 덕후 기질 있다 우주 해양,-1.0
647,아쿠아 계급 종족 와디 돌고래 무기 석궁 이빨 목소리 같은 해양 느긋하긴 해도 할건 한다 좌우명 재미있는 빼고 최대한 미루자 전투 좋아하니 다행 생각 하자 해양 런가,1.0
648,이벤트 팔로잉 이벤트 크보 등팀 보이시나요 내뱉은 지키는 도리 게시 그리고 도리 팔로잉 해주시 참여 엘지 트윈스 참여 가능합니다,1.0
649,인용 꼬인 사람 왤케 많지 캐스터 남부 지방 가뭄 다행 입니다 했으면 문제 없었을 앞뒤 잘라먹고 해서 마치 안좋은 일이 남부 가니 다행 입니다 느껴지니까 화난다는 얘기 잖아,NaN
650,오늘 프리허그 시즌 방송 댓글 이벤트 하려고 합니다 프블리 가족 많은 참여 바랍니다 밍스트 복귀 축하 합니다 보고싶었어 최강창민,1.0
651,배송 받았 숨니다 카와이 예뻐요 이번 여름 그냥 꼬질꼬질 쩡카 블링블링 해피 퍼피 셔츠 보내겠습니다 다시 한번 이벤트 감사 드려요,1.0
652,안녕하세요 정말 정말 최선 했습니다 묘사 해서는 역량 같은데 스스로 맞는지 번은 더보 내보낸 같습니다 죽여줬다니 다행 다음 질문 상자,NaN
653,우리 덕분 한국 날씨 완전 좋아졌 정모 태영 크래 비티,NaN
654,판매 공동 구매 수익금 발생 에스 윈터 이름 기부 포트 모금 참여 예정 입니다,NaN
655,이런 짓거리 몰두하고 있으니 재난대응 빵점 법무부 검찰 통한 경찰 통제 복원 추진 다음 뉴스,NaN
656,잠시 도피 마음 바다로 개봉 호우 순훈,NaN
657,혹시 치이 입욕 해배 포함 개당 공구 참여 하실 계실까 입욕 넣으면 미니 규어 랜덤 나오는 입니다 예정 배송 길게 잡아,NaN
658,우리 지민 새벽 인사 핫트렌딩송 인별 소식 우리 지민 덕분 진짜 이징 하루 보내고있어 누구 신중하 올린 인별 사진 설레였던 같아 우리 지민 솔얠,NaN
659,개념 탈출,NaN
660,이런거 보면 소름 돋음 보수 사람 이랬어 카페 좌표 찍혔고 전국 단체 들고 일어났고 난리 났을거다 무려 청와대 의전 비서 임명 심지어 단순 말실수 여혐 테러 하는 탁현,-1.0
661,음악중심 둥이 덕분 행복해진 클리 클리 덕분 행복해진 라씨 라씨,NaN
662,뉴진스 하니 해린 인형 핼샴 수요 조사 하신 제작 확정 핼샴 보내 드립니다 아래 링크 내용 읽어 보시 참여 부탁드립니다 기간,NaN
663,양쪽 달아요 어깨 메는 가방 뚜껑 덮이는 구조 모서리 마감 초보자 하기엔 어려운 주셨어요 자꾸 떠요 저기 바느질 이쁘게 하긴 글른거같아,-1.0
664,주변 문제 인수 인계 아예 받고 놀았다는 빼도 박도 증거 인수 해준다고 부르고 준비 했는데 온갖 핑계 가지 않더니 심지어 준비 자료 대통령 업무 시작 됐음에도 하나 보지 않고 나라 자원 돌려,NaN
665,최애 원우 다행 천만 생각 중임 밍프였으 질투 돌아서 벤쿠버 티켓 결제,-1.0
666,와이 마스크 쓰는 사람 내는 와중 누누 안타 감사,1.0
667,어제 악천후 많은 배웅 나와주셨습니다 현장 불편한 있었을텐데 안내 따라 멋진 매너 보여주셨구요 직접 시진 했지만 라이브 보내주신 마음 모든 감사 드립니다 피곤,0.3333333333333333
668,길자 덕분 기분 좋아지네요 하겠습니다,NaN
669,아니 엄청난 발표 했네 드라이브스루 제휴 하기로 했다고 지원 기능 이제 지원 추가 해서 있는,NaN
670,감사 드립니다,1.0
671,아이 많은데 사실 자기 책임 지면 구조 안하는게 맞아요 국밥 구조 이사 아이 케어 할려고 많은 노력 했어요 세상 불쌍한 아이 많고 노력 할거면 구조 안하는게 맞아요 기분 나쁘다고 자기 기분 따라 행동 하는건 졸업 해야죠,-1.0
672,잠시 고민 했는데 긍정 싶어서 덕분 해졌다 한소리 들었단다 부탁,1.0
673,국밥 입양 홍보 도와주시고 알티 해주신 정말 감사합니다 저번 했지만 무책임하게 구조해 보호 한다고 후원 받으면 다른 후원 필요한 피해 입을까봐 걱정 했어요 그런데 이번 입양 홍보 해주,-1.0
674,관심 가져주세요 봉사 제주 이벤트 신흥 강의,1.0
675,메이플 레벨 노가다 덜하대 다행 우욱,NaN
676,정경 교수 상태 디스크 파열 인한 하지 마비 요추 파열 디스크 협착 추간판 탈출 수막 동반 하는 다발 뇌경색 인한 잦은 졸도 그로 인한 낙상 사고 골절 정말,-1.0
677,컴퍼니 통해 받은 공개 사진 공유 드립니다 발랄하게 인증 남겨주신 배우 모두 감사 드립니다 라흐 헤스트 많은 관심 부탁드려요 재업 널리 퍼뜨 리기 모두 환영 입니다 좋은 용도,1.0
678,메이사 노래 전주 밤공 커튼 제이 어스 이승준 승준 오늘 공연 화이팅 하세용 어제 승준 덕분 말로 표현 하지 만큼 진짜 행복했어,NaN
679,기대할게 배워나가요 탈출 도와주세요,NaN
680,엔시 해찬 프리쿠라 수요 조사 판매 확정 추첨 프리쿠라 드립니다 많은 참여 부탁드려요,NaN
681,아니 알림 무음 자고 왔더니 알티 되었네요 공감 해주셔서 다행 입니다 이런 일이 벌어지지 않으면 좋겠는데 냅시다 알티 되다 보니 정치계 멘션 팔로 있어서,NaN
682,아파트 상가 돌보는 합니다 누군가 잃어버린게 아니라는 다행 생각 해요 많은 관심 제보 감사합니다,NaN
683,단독 대통령 창업 게이츠 만난다 출처 한국 경제 네이버 뉴스 용산 대통령실 저개발국 백신 지원 문제 논의 게이츠,NaN
684,알티 신분 엔시 드림 개봉 앨범 드려용 공식 포카 몇개 넣어 드립니다 배송비 부담 하실수 있으신 분만 참여 부탁드려요 트친소 트친소 해시태그 빌리겠습니다,-1.0
685,다누키 미노 카미 오오쿠 리카 이상 무려 레어 굉장하신 웃음 타도 님들 모가지 목록 였습니다 감사 합니다,1.0
686,키노 발매 기념 안내 참여 기간 유니버스 여러분 많은 참여 바랍니다,NaN
687,계략 시리즈 기념 이벤트 시작 합니다 방법 팔로우 당첨 투썸 카페라테 발표 많은 참여 부탁드립니다 이벤트 참여 개인정보 수집 활용 동의,1.0
688,호우 순훈 영뾰,NaN
689,팔로 이벤트 문호 작가 싸울 아비 스토리 연재 오픈 되었습니다 잃어버린 명패 찾기 위해 전설 무인 기억 전승 한다 참여 방법 트윗 팔로 이벤트,1.0
690,최애 하트 드림 어워즈 인기상 투표 진행 됩니다 트윗 인용 트윗 참고 하여 일리 하트 에버 하트 모아주세요 최선 다해 참여 부탁드립니다 추천 아이디 방탄,NaN
691,시민사회 수석 대통령 계신 상황 오면 퇴근 하나 문재인 대통령 한반도 폭우 사태 당시 휴가 반납 호우 피해 마무리 청와대 아닌 정부 종합 청사 근무 했다,-1.0
692,그려 어케 들어간다면 다행,NaN
693,회사 구조 조정 방침 들었을 증인 어떤 생각 했습니까 남편 일자리 뺏겠다고 아내 직원 협박 여성 직원 사직 유도 한다고 생각 했습니까,-1.0
694,엄마 발언 장녀 아빠 닮은 얘기 하는데 아빠 닮은게 되면 어떻게 사나 하나로 족하 남자 태어나서 다행 그랫으 한남 소리 듣고 라이 당하면서 살앗을듯,NaN
695,서울시 공무원 근속 아들 로서 한다 아버지 호우 주의보 뜨면 퇴근 하시고 비상 대기였음,NaN
696,더보이즈 프리쿠라 수요 조사 제작 확정 추첨 더보이즈 프리쿠라 보내 드립니다 구매 의사 있으신 분만 작성 부탁드릴게요,NaN
697,조건 남자 대기업 취업 되고 여성 그렇지 않다 취업 단계 고용 단계 여성 대한 구조 성차별 이루어지고있다는 의미 다른 이유 아니라 기업 여자 남자 선호 하기 때문 남자에게,NaN
698,나와서 다행,NaN
699,심플 셔츠 포켓 원피스 심플 느낌 강한 깔끔한 원피스 무늬 색도 무난 한가지 포인트 주기 오히려 편할것 같아요 수요 조사 참여,1.0
700,서울 여기저기 산사태 경보 나고 실종 계시 난리 났는데 오늘 칼퇴 하겠지 나옴,NaN
701,가뭄 산불 이어 폭염 폭우 잦아진 기상이변 다음 뉴스,NaN
702,매일 진행 되는 쉬운 참여 방법 골든 클럽 트위터 팔로우 게시,NaN
703,아는 하면서 음성 지원,NaN
704,소리 맞는데 억수 내린건 자연재해 님들 덕분 멀쩡한 청와대 버려서 무정부상태 되고 상황 없어서 제대로 대처 하나 사람 죽고 개판 된건 순전히 느그,0.0
705,아이코 다행 입장,NaN
706,옴뫄 감사 들레,1.0
707,쓸데는 많아지고 인플레 잡아야 되고 시민단체 원금 절단 필요하구 만여,NaN
708,평가 동의 합니다 화법 복원 진행중 요청 수락 확인 감사합니다 대화 목적 타인 교류 하여 습득 정보 수집 정보 전달 발생 시키는 대화 유형 불확실 대화,NaN
709,문재인 대통령 이낙연 총리 자연 재해 없었겠어 불가항력 자연 재해 발생 하면 긴급하게 관련 회의 주재 하시고 관련 부처 신속한 대응 주문 하시고 현장 상황 방해 안될,NaN
710,팔로우 지진 출장 안마,NaN
711,최영일 시사 본부 이재오 국정 운영 점수 출감 대통령실 다음 뉴스 침수 보고 갔다 호우 주의보 내리면 퇴근 말았어야,NaN
712,컴퓨터 초보 모임 트위터 여러분 하여 이벤트 진행 합니다 대상 팔로우 기존 팔로워 참여 가능 경품 맥도날드 불고기 버거 세트 발표 많은 참여 부탁드립니다,1.0
713,잠잘 오는 방법 찾고있는 당신 지원 해드립니다 정품졸 뎀판 이트 카톡 텔레 정품졸 뎀판,NaN
714,가라오케 방송 봤다는 소식 듣고 그대로 굳어 버린 아이크 가라오케 방송 진짜 대박 이었단 말임 진짜 였어 있는지 봐서 다행,NaN
715,여기 오게 전부 여러분 덕분 같아요 사랑 고마워요,1.0
716,호시 우지 호우 순훈,NaN
717,월간 지방 정치 폭우 싱크홀 이재명 법카 모씨 출처,NaN
718,개월 살펴주실 있으실까 사상충 치료 비용 별도 지원 해주신다고 합니다 오늘 임보 처가 나타나야 합니다,NaN
719,다행 아프시면 소리 지르세요 달려감,NaN
720,코로나 패닉 빠질 싶으니 입학 시선 돌리더니 불행 다행 인지 물난리 덧칠 해대 구나 코로나 떠내려 가기 하니 와중 무슨 작질을 하고 있는지 모른다는 문제 사고,-1.0
721,외출 화장 시간 하고 무슨 한정판 나온다고 하면 매장 전화해서 예약 걸고 무슨 재고 지점 있다고 하면 그거 사러 찾아가던 시절 있었어 지금 세수 하면 다행,NaN
722,지내셨다니 다행 조금 그랬나 봐요,NaN
723,에스 스님 공개 배경화면 이벤트 참여 주셔서 진심 감사 드려요 여러분 관심 사랑 입어 다양한 이벤트 준비 입니다 바탕화면 인증 주시 바이,1.0
724,감사 합니다,1.0
725,뉴스 보는데 우리나라 호우 때문 고생 있지만 유럽 극심한 가뭄 때문 고통 받고 있대 저기 남부 지방 한국 아닌가요,-1.0
726,우리 콘서트 마지막 우리 자랑스러운 리더 은광 소감 있어 정말 다행 사랑 해라는 말로 부족하니 할께 사랑 사랑 사랑 사랑 사랑 은광,1.0
727,아이쿠 웃어서 미안해요 뿌뿌 지금 차비 덕분 웃음 멈추지 않는 상태 그런 가봐요 귓가 자꾸 차비 아아 소리 지르시는 음성 지원 돼서,NaN
728,끼발 우영 없었던 이유 신생 채널 신인 작가 장애인 주인공 설정 때문 가히는 제작 의도 캐릭터 소개 자료 읽고 유일한 제작 지원 사가 된거 숨쉬듯,-1.0
729,밸브 구성원 모두 자신 아이덴티티 생각 하는 수평 운영 구조 바로 원인 이었습니다,NaN
730,가본 없는 덕분 되니까,NaN
731,차민팅 완판 기념 이벤트 누적 천만원 상당 상품권 걸린 대박 이벤트 금일 시작 진행 되오니 많은 참여 바랍니다,1.0
732,충청권 경북 북부 호우 특보 발효 가운데 충청권 시간 이상 경기 남부 시간 내외 경북 강원도 시간 미만 내리고 해상 발달 비구름 유입 되면서 돌풍 천둥 번개,NaN
733,아쉽게도 가지는 한답니다 내년 부모님 전액 지원 해주신다고 해서 내년 노리는 입니다 키즈 보러가시길,NaN
734,컵홀더 일러스트 공개 합니다 협력 주신 헤문 진심 감사 드립니다,1.0
735,나락도락 이번 펜타 나락 깃발 만든 페스티벌 라이프 입니다 일요일 자우림 무대 마지막 윤아 저희 깃발 보며 구호 외쳐주셨어요 락페 인생 최고 영광 이었습니다,1.0
736,지반 약해져서 싱크홀 걱정 해야 겠네 잠실 버틸수 있겠냐 윤석렬 퇴진 김건희 특검,-1.0
737,이건 단순히 사안 아님 재난 쉽게 구조 용이하려고 띄는 형광 명도 높은 하는건데 칙칙한 그냥 시멘트 보호색 묻히라는 특수 의류 소재 뒷돈 받음,0.0
738,복지 배치 된게 다행,NaN
739,지민 안부 지민 패턴 있는듯 날씨 과격할 잊지 않고 오기 나갈 들어올 소식 알리기 자신 좋은 일이 있을 나를 칭찬 하는 감사 사하기 신기함 우리 칭찬 하러,1.0
740,우리 강아지 애기 자꾸 내밀어서 충치 구강 구조 문제 있으면 밀고 있는대서 덜덜 떨면서 병원 갔는데 그냥 길대 길어서 가끔 아니고 자주 넣는거래 애기 꾸준히,1.0
741,풍수 보험 있다는 태풍 홍수 호우 강풍 대설 지진 해일 풍랑 인해 피해 발생 하면 보상 해주는 정책 보험 정부 지자체 이상 보험료 지원 해준다고,-1.0
742,레드 벨벳 대우 개선 해시태그 공모 구글 링크 첨부 합니다 많은 비분 참여 부탁드리며 이번 해시태그 목적 소속사 나은 대우 바라는 것임 알립니다,1.0
743,서울 페스 개막 공연 참여자 명단 본인 확인 안내 마감 시간 장소 호선 종합 운동장역 출구 공터 서울 페스 개막 공연 참여 하시는,NaN
744,강민 샌드위치 도시락 보내주셨습니다 덕분 맛있게 먹고 나네요 박스 무게 만큼 무거웠던 마음 감사합니다 항상 감사합니다 강민아 먹을게 김강민,1.0
745,오늘 발매 주년 기념 실총 예정 입니다 많은 참여 부탁드립니다,NaN
746,괜찮으시다니 정말 다행 그만 야할텐데 조심하셔야,NaN
747,역사 만드는게 아니라 복원 하는것,NaN
748,자기 덕분 눈물난다 자기 아니였음 여기 올수 있었을가 자기야 우리 머나먼 멘에서 만나 사랑,1.0
749,오늘 죽였다 이제 점점 재미 있어진다 처음 매우 당황 스러웠지만 이제 자연스럽다 이번 귀여운 사람 하나 죽였다 사람 나와 취미 같았다 아니 취미 존경 하는,1.0
750,손글씨 지원 되는,NaN
751,예상 되던 비구름 형성 되지 않거나 위치 이탈 해서 대량 담수 유입 멈추면 다행 시나리오 모두 일어나지 않게 입니다 하지만 까딱 잘못 해서 비구름 계속 있었으면 내일 정말 무슨,-1.0
752,모두 익명 질문 모집 최근 답변 질문 덕질 처음 그러는 썸머 이번 제주 완전 다행 제주시 슬로건 제작 하시나용 질문 상자,NaN
753,보은군 외적 자봉 사회 취약 계층 가정 반찬 나눔 봉사 브레이크뉴스,NaN
754,호기심 쿠션 그란 매력 고양이 쿠션 깜냥 경우 두운 배치 두면 발견 하지 같아요 수요 조사 참여,NaN
755,용인시 이상일 용인 특례시 수해 현장 인명 구조 주민 모범 시민 표창 주기 보도 뉴스,NaN
756,어맛 마감 합니다 많은 관심 감사 드립니다 정식 개장 뵙겠습니다,1.0
757,맥시 마이 까말까 고민 했는데 계기 주는군 감사 감사,1.0
758,사상 최대 폭우 산사태 홍수 사건 사망자 열도 결코 적지 않은 같은데 지역별 강수량 붕괴 위험 도를 돌아가며 전달 하는 일본 방송 다급한 재해 정보 뉴스 설렁 설렁 보영 침수 중고차 피하,NaN
759,입고 안내 이벤트 일요일 오후 작가 제품 종이 입고 됩니다 많은 성원 감사 드리며 해당 게시 주신 사진,1.0
760,다행 이런게 아니라서,NaN
761,차별 공론 에스엠 레드 벨벳 콘서트 돌려 소리 자기 지원 해주고 흔한 자컨 만들어주고 돌은 해주는 프로모션 계속 띄워 줬으면 성과 내지 자기,NaN
762,엉덩이 젤안 아픈 부위 다행 압바,-1.0
763,사실 테스트 취소 였다면 굳이 결제 만든 자체 이상했다 의혹 퍼진 비상 선언 박스오피스 했는데 위로 밀려난 한산 매출 오히려 적었다 당시 특별 매출,-1.0
764,평등 교육 시간 공평한 가사 임금 차이 이런 얘기 했는데 구조 성차별 이런건 배우겠지,NaN
765,아니 주말 백화점 극장 빵집 경호 의전 우려 잘만 다니던 대통령 호우 사태 주민 불편 우려 해서 헬기 띄우고 하는 사람 불편할까봐 나오지 않았다니 대통령 경호 받고,-1.0
766,안녕하세요 돌입 주년 이벤트 시작 됩니다 오랜 시간 지켜주시고 사랑 해주신 모든 감사 마음 합니다 창조 멋진 의상 인형 여러분 보답 하겠습니다 감사합니다 리트윗,1.0
767,합니다,NaN
768,믹스 펜석 생각 다행,NaN
769,다행,NaN
770,별거 아니였지만 도움 되셨다니 다행,1.0
771,트위터 이자 트좍들 하면 이상한게 아니구나 싶고 이런 생각 하는게 아니여서 다행 싶은데 시간 그리고 점점 실친 만날 필요성 느껴지고 적당히 해야지,NaN
772,다친 사람 없어 다행 이었어요,NaN
773,지인 사랑스러운 시도 보중 홍보 한번 해주시 감사,1.0
774,이벤트 도운 문득 레코드 커버 다가오는 우리 냉이 생일 기념 하여 문득 해주신 보내 드립니다 인쇄 장식 노래 나오지,1.0
775,가흐 아이 아해 같은 아니라서 다행 당겨진 상태 심통 부린다 조심 다녀와라 잡고 있는 억지로 떼어내고 했다,-1.0
776,처음 겪는 가뭄 솔직히 트친 들이 트윗 달라 하시는거 벅찼어요,NaN
777,진짜 이제 한숨 돌립니다 오늘 참여 했어여 출장 갔다가 이제 들어옴 다시 야근 고고,-1.0
778,차량 침수 위험 행동 하세요 타이어 높이 이상 잠기기 차량 옮기기 고립 급류 밀려오는 반대쪽 탈출 열리면 단단한 물체,NaN
779,멈춰있는 보고 웃은 같다 별거 아니라는 가벼운 말투 걱정 하는 그럴 정도 아냐 하루 후회 하지만 정도,-1.0
780,기부 전통 시장 조속 수해 복구 정책 역량 총동원 집중호우 피해 입은 수도권 지역 전통 시장 조속 영업 재개 위해 금융 시설 복구,-1.0
781,모닝 비기 그쳐서 다행 해피 하루 되세요,NaN
782,어느 개방 거지 홍대광 심부름 화산 달려왔음 지금 강남 도움 받았던 마을 양민 사패련 공격 받았다고 정파 무시 했으니 급히 우맹 지원 요청 바란다고,1.0
783,셀리 느님 침착한 나레이션 덕분 웃겨 춰요,NaN
784,다행 잔기침 졸린거 빼고 있어요 싶다,NaN
785,우리 인피니트 톡방 얘기 보면 하고 싶은게 많더라구요 하고싶어 하는 많고 이런 멤버 마음 감사 드립니다 진짜 인피니트 건강하게 보자,1.0
786,페이 회당 스폰 문의 주세요 서울 회사 다니고 있어서 평일 불가합니다 중반 본가 전주 입니다 원하시면 차량 지원 가능하고 금토일 가능합니다 편하,NaN
787,가물어 있는 우퍼 부으면 백퍼 산사태 대본 멍청이 썼냐,-1.0
788,감사 드려요 베어 뮤지컬 베어 교환 회차 교환 윤석호 윤승우 한결 박상준 박슬기 김경민 중블 오른쪽 중블 왼쪽,1.0
789,아산시 신정호 야외 음악당 열리는 페스티벌 국카스텐 초청 공연 펼칩니다 무료 입장 진행 예정 여러분 많은 관심 참여 부탁드립니다 국카스텐,NaN
790,팔로우 해주시 모든 감사 드립니다 보답 의미 작품 준비 했습니다 혹시 가지 싶으신 계실까,1.0
791,아이 나나 일곱 다행 이었으면 일곱 아니야 질문 길게 설명 하다가 고가 빡쳐서 묻었어라고 하는 사태 벌어지지 않음,NaN
792,시발 소리 이용 다행 뿌뿌 국붘 였다고,NaN
793,예상 되던 비구름 형성 되지 않거나 위치 이탈 해서 대량 담수 유입 멈추면 다행 시나리오 모두 일어나지 않게 입니다 하지만 까딱 잘못 해서 비구름 계속 있었으면 내일 정말 무슨 일이,-1.0
794,사랑 우정 이별 추억 감사 행복한 마음 희망 모든 느낌 다양한 장르 통해 생생히 느껴지는 명반 트랙 티리톰바,1.0
795,사실 영상 자체 뭔가 기억 안나 갑자기 탈출 노예 잡으러 댕기 힙합 노래 처럼 처절하고 어쩌구 그런 싶엇다,-1.0
796,우리 그이 당장 쫓겨날 모르고 있으니 다행 해야 하나 대리 구매 종로 가연 어플 놀아 났다는 생각 그냥 당장,NaN
797,인스타 스토리 올린지 기억 못햇 는데 올라와있길래 생각 비타 피는거 찍은 기억 있어서 실수 올렸나 생각 쫄았는데 다른거였다 다행,-1.0
798,최고 탈출 마술사 후디니 지옥 돌아옵니다,0.0
799,최예나 엠카운트다운 공개방송 참여 명단 안내 생방송 최예나 예나 스마트폰,NaN
800,래빈 행복해서 다행 자기 행복한게 미안해서 말못하는 사랑,1.0
801,그래 찬다는 뜻이겟 다행 소중해,NaN
802,진짜 정권 바뀔 지랄 대표 캐릭터 슬로건 로고 온갖 홍보물 조물 전부 교체 하는데 드는 비용 인력 지겨워 죽겠어,NaN
803,노조 홍씨 가족 죽음 이르게 구조 원인 있다고 주장 했다 반지하 열악한 주거 형태 발달장애 노인 사회 약자 대한 지원 미비 집중호우 당시 재난 대응 시스템 제대로 작동 하지,-0.3333333333333333
804,박문 대의 배려 방식 어설퍼서 웃김 유진 먼저 해서 결정 했다는 선택 책임 따르는 아니까 선택 늦추거나 안전 만든 방식 살아온 박문 이런 불가피한 상황,1.0
805,영재 있다니 진짜 보고싶었는데 뽑자마자 우리 아가 등장 슈스덥 덕분 콘서트 보기전에 다양한 체험 해보고 좋았던 같아요 다음 수량 해주세요,NaN
806,참여 안내 서울 페스 개막 공연,NaN
807,부탁드립니다 고양이 분양 고양이 입양 안녕하세요 고양이 분양 보내기 위해 씁니다 맞으며 죽어가던 고양이 구조 했고 없던 애기 현재 붙고 건강하게 컸으며 병원,NaN
808,트친소 아는 사람 아시겠지만 여자친구 있구요 사람 마세요 서울 사람 다정 착함 잔소리 진입 장벽 낮아여 환영 플러팅 섹러,-1.0
809,호우,NaN
810,아카이브 남아있다니 다행,NaN
811,입양 홍보 하겠습니다 월령 중성 예방접종 완료 경남 지역 데려다 드립니다 파양 경험 단순 변심 어미 새끼 낳은 로드킬 당해 케이스 중성 방사 했으나 방사 동안 모금 먹지 않아 구조 많고 소심합니,NaN
812,미친 왹냥 키링 자랑 하아 아아 귀여워요 우러 힙쿨 왹냥 도안 공유 해주신 도영 무한 감사 드리고 계신 방향 올립니다 키링 받으면 먼저,0.0
813,요즘 다시 접률 높아지신 익명 이세 귀여우시고 말랑하신 뵙지 했는데 돌아오셔서 다행 익명 드림 간만 보니 더욱 반가웠어요 올리신 커미션 정말 예뻤고요 귀여운 친구,1.0
814,타팬 참여 가능 추첨 스테이 색안경 아이 앨범 포카 드립니다 이벤트 당첨 되지 않았다고 언괄 하실 경우 블락 됩니다,1.0
815,서울 경기 인천 울진 산불 현장 구조 초딩 모아가 입양 찾고있어요 고양이 입양 사지 입양 하세요,NaN
816,뮤직뱅크 사전 녹화 본방송 참여 안내 골든 일드 아우라,NaN
817,다행,NaN
818,감사 드립니다 거래 실례 하겠습니다 엘리 히어로 카오스 오스 엘리 히어로 마그마 오스 일판 일괄 팝니다 등기 비용 추가 됩니다,1.0
819,세븐 우지 인형 피카 수요 조사 추첨 제작 확정 피카뾰 보내 드립니다 자세한 내용,NaN
820,이재명 아니고 여유 자금 이라면서 경기도 재난 관리 기금 정부 재난 원금 비대 상자 였던 퍼센트 상위 시원하게 덕분 이번 수해 이후 인물 말라리아 모기 대량 번식 인한 말라리아 창궐,0.2
821,토크 믹스 글로벌 거래소 상장 커뮤니티 월렛 통한 바이 블루칩 에어드랍,NaN
822,포카 바인더 수요 조사 많은 감사하게도 포카 바인더 대해 문의 주셔서 조사 진행 하려고 합니다 최소 수량 채워지지 않을 경우 무산 알려 드리며 구매 하실 참여 부탁드립니다,NaN
823,아이구 아팠구나 꿉마 지금 괜찮다니 다행,NaN
824,초코 부자 돼서 이벤트 열어 봐요 트친 참여 가능하니깐 받아가요,1.0
825,진실 밝혀 주셔서 본인 뒤집어 쓰고 죽는 없게 주셔서 진심 감사 드립니다,0.3333333333333333
826,골드 니스 여러분 지금 바로 네이버 파티 놀러 오세요 아래 링크 들어와 주세요 어플 설치 참여 가능합니다,NaN
827,성규 동시 살고있어서 다행,NaN
828,사찬 천사 덕분 꽃숮 직관,1.0
