,0,,,,
0,뭣같,0,,,
4,지옥런,0,,,
5,새끼,0,,,
6,산불,0,,,
13,버리고,0,,,
14,침수,0,,,
18,뭣같음,0,,,
19,지겹게,0,,,
8,폭우,0,,,
9,사망,0,,,
44,화재,0,,,
46,죽어,0,,,
53,재난,0,,,
54,닥치니,0,,,
60,죽겠음,0,,,
90,꼴값,0,,,
94,사고,0,,,
103,코로나,0,,,
101,없어,0,,,
100,부랴부랴,0,,,
105,않은,0,,,
133,물난리,0,,,
139,재해,0,,,
143,열병,0,,,
144,무시,0,,,
164,식량난,0,,,
166,부족,0,,,
167,역병,0,,,
179,없고,0,,,
196,비상,0,,,
198,없었음,0,,,
1,피해,0,,,
0,없지만,0,,,
40,수해,0,,,
47,낙선,0,,,
98,부적합한,0,,,
301,않는,0,,,
310,없는,0,,,
303,지진,0,,,
308,지랄,0,,,
330,빡치는거지,0,,,
330,없다,0,,,
340,까먹었음,0,,,
361,당했습니다,0,,,
364,역류,0,,,
368,무너져서,0,,,
388,무너져있었,0,,,
403,뺀다,0,,,
447,끔찍한,0,,,
459,습한,0,,,
467,빼앗겨,0,,,
486,고통스럽다,0,,,
490,죽고,0,,,
490,무너지고,0,,,
504,무너져도,0,,,
530,빠지거나,0,,,
533,피부병,0,,,
534,전염병,0,,,
541,쓰레기,0,,,
548,죽은,0,,,
567,한숨,0,,,
581,아픈,0,,,
585,걱정,0,,,
589,두려워하고,0,,,
604,불공평,0,,,
607,화남,0,,,
631,낭떠러지,0,,,
630,없어요,0,,,
654,천재지변,0,,,
657,힘드셨을까,0,,,
667,무겁,0,,,
705,폭설,0,,,
730,죽어도,0,,,
748,장마철,0,,,
758,감기,0,,,
761,논란,0,,,
777,고생,0,,,
780,문제,0,,,
800,어렵거나,0,,,
801,불안하신,0,,,
807,어려워,0,,,
830,소름,0,,,
838,충격,0,,,
848,시바,0,,,
850,가짜,0,,,
857,범람,0,,,
865,힘든,0,,,
874,힘들다고,0,,,
875,호소,0,,,
878,없으시고,0,,,
879,늦어서,0,,,
898,숨진,0,,,
900,항의,0,,,
904,죄송하다거나,0,,,
915,당했는데,0,,,
935,안타까,0,,,
939,없다는,0,,,
978,힘드냐,0,,,
980,피해자,0,,,
981,유가족,0,,,
997,폭염,0,,,
1014,존나,0,,,
1008,아니잖냐,0,,,
1053,급류,0,,,
1055,익사,0,,,
1060,유실,0,,,
1061,딱하네,0,,,
1069,않음,0,,,
1097,위험,0,,,
1105,없애거나,0,,,
1118,죽빵,0,,,
1108,통제,0,,,
1133,가해,0,,,
1136,빡쳐서,0,,,
1139,불가,0,,,
1140,개뿔,0,,,
1150,없어서,0,,,
1154,무리하게,0,,,
1156,불구,0,,,
1160,손해,0,,,
1174,어렵습니다,0,,,
1183,안타까웠습니다,0,,,
1192,시발,0,,,
1201,죽으려고,0,,,
1210,공격,0,,,
1212,삭감,0,,,
1213,쌍욕,0,,,
1239,덥고,0,,,
1240,하아,0,,,
1243,멸망,0,,,
1248,침울하게,0,,,
1266,거짓,0,,,
1271,실종,0,,,
1300,없네,0,,,
1314,없도록,0,,,
1350,없냐,0,,,
1373,없으니,0,,,
1381,습하고,0,,,
1382,더워요,0,,,
1394,슈펄,0,,,
1413,멸망할,0,,,
1430,극심한,0,,,
1483,않어요,0,,,
1509,미치겠다,0,,,
1516,죽음,0,,,
1520,미친,0,,,
1526,불매,0,,,
1537,없었으면,0,,,
1540,없으시길,0,,,
1563,무서운,0,,,
1583,없구,0,,,
1590,금지,0,,,
1604,아쉽지만,0,,,
1632,미쳤다,0,,,
1654,저런,0,,,
1671,고립,0,,,
1681,실패한,0,,,
1720,굶었,0,,,
1736,화나고,0,,,
1742,없음,0,,,
1751,죽이겠다고,0,,,
1766,디질것,0,,,
1782,없었죠,0,,,
1873,없었다고,0,,,
1888,아니냐,0,,,
1895,어떡해,0,,,
1924,먹통,0,,,
1933,고통스럽습니다,0,,,
1951,미치겠음,0,,,
1953,아쉬운,0,,,
1963,무서울,0,,,
1975,죽었어,0,,,
1978,죽었냐고,0,,,
1980,죽는다면,0,,,
2020,잘못이라며,0,,,
2032,돌아가셨대,0,,,
2033,속상하다,0,,,
2067,숨져,0,,,
2077,죽여야,0,,,
2093,어휴,0,,,
2096,폐쇄하,0,,,
2100,꼼짝,0,,,
2187,아니었,0,,,
2193,씨바,0,,,
2242,싫으면,0,,,
2243,꺼져,0,,,
2258,숨졌습니다,0,,,
2275,빡친거아,0,,,
2280,없던,0,,,
2283,시달리는,0,,,
2375,개판,0,,,
10,멀쩡한,1,,,
1,가득하다,1,,,
61,그리워,1,,,
104,바람직하지,1,,,
187,깔깔,1,,,
188,웃으면서,1,,,
7,감명,1,,,
63,최고,1,,,
87,안전,1,,,
391,관심,1,,,
394,웃긴게,1,,,
455,좋고,1,,,
458,아름답지만,1,,,
460,청량한,1,,,
463,좋아하기,1,,,
464,청량가득,1,,,
471,복구,1,,,
475,많은,1,,,
477,덕분,1,,,
480,재밌다고,1,,,
499,즐긴다,1,,,
500,웃긴다,1,,,
500,조심해,1,,,
536,슈퍼맨,1,,,
614,맞는,1,,,
605,좋습니다,1,,,
633,있어요,1,,,
653,말짱해졌다,1,,,
660,좋게도,1,,,
718,고맙다며,1,,,
735,자랑,1,,,
759,조심,1,,,
779,대단하신데,1,,,
780,감사하고,1,,,
809,원하는,1,,,
815,살다,1,,,
859,조심하시고,1,,,
860,무사,1,,,
864,친절하셨고,1,,,
867,위안,1,,,
870,조치,1,,,
870,좋겠다고,1,,,
905,위로,1,,,
954,공감,1,,,
957,노력,1,,,
963,통과,1,,,
1003,웃김,1,,,
1005,호의호식,1,,,
1084,깨끗하게,1,,,
1089,정비,1,,,
1311,조심하세요,1,,,
1316,안녕하셔요,1,,,
1318,안전한,1,,,
1322,힘나는,1,,,
1332,용맹함과,1,,,
1387,웃고,1,,,
1388,다정하게,1,,,
1406,조심하시고요,1,,,
1471,조심하시구,1,,,
1472,안전하셨음,1,,,
1473,좋겠어여,1,,,
1504,좋더라,1,,,
1538,좋겠다,1,,,
1561,몸조심,1,,,
1567,안전하게,1,,,
1568,살아있어요,1,,,
1587,좋은데,1,,,
1592,좋음,1,,,
1595,행복한,1,,,
1606,쵝오,1,,,
1614,기대했더니,1,,,
1631,빠져드는,1,,,
1653,있었을,1,,,
1713,씬나,1,,,
1714,잼있다,1,,,
1725,낭만,1,,,
1768,건강하고,1,,,
1771,조심하구,1,,,
1772,조심하기,1,,,
1779,있다구요,1,,,
1785,있나요,1,,,
1969,무사하시,1,,,
1973,살릴수,1,,,
1990,조심하시오,1,,,
2003,맛있는거,1,,,
2027,있어야죠,1,,,
2142,감동,1,,,
2145,고맙다고,1,,,
2188,알았습니다,1,,,
2297,귀엽지,1,,,
0,서울,,,,
1,되련,,,,
3,이돈,,,,
7,보러,,,,
8,간다,,,,
9,했으면서,,,,
11,컨트롤,,,,
10,타워,,,,
15,궁댕,,,,
16,뭉개,,,,
17,있던,,,,
0,이어지던,,,,
0,이번,,,,
3,뉴스,,,,
4,해도,,,,
5,파키스탄,,,,
6,지난,,,,
7,주간,,,,
30,미국,,,,
31,켄터키주,,,,
30,이란,,,,
33,서부,,,,
34,계속,,,,
35,번지,,,,
36,작년,,,,
37,도를,,,,
38,찍고,,,,
39,전소,,,,
40,캐나다,,,,
41,튼시,,,,
40,올해,,,,
43,이상,,,,
45,사람,,,,
47,도지사,,,,
48,떡볶이,,,,
49,먹방,,,,
50,찍고계셨던,,,,
51,말씀,,,,
50,셨습,,,,
55,진짜,,,,
56,문재인,,,,
57,대통령,,,,
58,이낙연,,,,
59,총리,,,,
60,시절,,,,
63,그때,,,,
64,났을,,,,
65,어떻게,,,,
66,했냐,,,,
67,다른,,,,
68,거도,,,,
69,비슷함,,,,
70,상황,,,,
71,정리,,,,
70,브리핑,,,,
73,노란,,,,
74,잠바,,,,
75,입고,,,,
76,앉으셔서,,,,
77,산림청,,,,
78,소방청,,,,
79,강원도,,,,
80,있는,,,,
81,관계,,,,
80,기관,,,,
83,짚으며,,,,
84,현재,,,,
85,너희,,,,
86,메시아,,,,
87,이재명,,,,
88,이었으면,,,,
89,달랐을까,,,,
91,떨었던,,,,
90,판교,,,,
93,풍구,,,,
95,행동,,,,
96,했나,,,,
97,알아봐,,,,
98,쿠팡,,,,
99,때문,,,,
100,소방관,,,,
101,했는지도,,,,
100,알아보고,,,,
104,윤석열,,,,
105,울진,,,,
106,재민,,,,
107,찾아,,,,
108,있더라도,,,,
109,헬기,,,,
110,타고,,,,
111,와야죠,,,,
110,다음,,,,
113,속초,,,,
114,속초시,,,,
115,전날,,,,
116,제주도,,,,
117,여행,,,,
118,떠났다가,,,,
119,당일,,,,
100,비행기,,,,
103,올라온,,,,
106,처신,,,,
107,비난,,,,
108,했던,,,,
109,언론,,,,
130,기억,,,,
131,그런데,,,,
130,복판,,,,
134,기적,,,,
135,대면,,,,
136,출근,,,,
137,하면서,,,,
138,모른,,,,
140,막은,,,,
141,아프리카,,,,
140,돼지,,,,
145,미드,,,,
146,뉴스룸,,,,
147,년전,,,,
148,나온,,,,
149,장면,,,,
150,지금,,,,
151,탄소,,,,
150,예산,,,,
153,기가톤,,,,
154,정도,,,,
155,남았고,,,,
156,대기,,,,
157,이산화탄소,,,,
158,농도,,,,
159,여기,,,,
160,하는,,,,
161,대량,,,,
160,이민,,,,
163,폭풍,,,,
165,식수,,,,
168,같은,,,,
169,포스트,,,,
170,아포칼립스,,,,
171,세계,,,,
170,맛보고있네,,,,
173,슬슬,,,,
174,어쩌,,,,
175,드릉대,,,,
176,같은데,,,,
177,호로,,,,
178,먹던,,,,
180,추석,,,,
181,아웃브레이크,,,,
180,시작,,,,
183,되고,,,,
184,여름,,,,
185,있었는,,,,
186,대형,,,,
189,하는거,,,,
190,생생하게,,,,
191,봤는데,,,,
190,올려,,,,
193,엄니,,,,
194,년차,,,,
195,공무원,,,,
197,근무,,,,
199,여기는,,,,
0,와서,,,,
3,조금,,,,
4,오거,,,,
5,난다거나,,,,
6,하면,,,,
7,새벽,,,,
8,퇴근,,,,
9,새고,,,,
10,담날,,,,
11,추첨,,,,
10,기간,,,,
13,동안,,,,
14,삼척,,,,
15,방문,,,,
16,시간,,,,
17,주작,,,,
18,하던,,,,
19,위인,,,,
0,저지를,,,,
1,위해,,,,
0,전국,,,,
3,모여드는,,,,
4,소방차,,,,
5,행렬,,,,
6,보고,,,,
8,받았습니다,,,,
9,대처,,,,
30,방식,,,,
31,이후,,,,
30,원금,,,,
33,노래,,,,0 부정
34,하며,,,,1 긍정
35,각종,,,,
36,기금,,,,
37,빼내어,,,,
38,수조,,,,
39,남김,,,,
40,정작,,,,
41,경기도,,,,
43,개군,,,,
44,억원,,,,
45,지원,,,,
46,정부,,,,
48,원인,,,,
49,황교익,,,,
50,촬영,,,,
51,차관,,,,
50,지위,,,,
53,경기,,,,
54,관광,,,,
55,공사,,,,
56,사장,,,,
57,임명,,,,
58,날라,,,,
59,갔다고,,,,
60,생각,,,,
61,한다,,,,
60,소방,,,,
64,책임자,,,,
65,자기,,,,
66,지역,,,,
67,팽개,,,,
68,마산,,,,
69,내려가,,,,
70,대선,,,,
71,현장,,,,
70,가서,,,,
73,입털,,,,
74,사진,,,,
75,갔던거,,,,
76,생각나면,,,,
77,난다,,,,
78,민주당,,,,
79,정치인,,,,
80,방지,,,,
81,깎았는가,,,,
80,났는데,,,,
83,했는가,,,,
84,우리나라,,,,
85,에탄올,,,,
86,화로,,,,
88,기준,,,,
89,없습니다,,,,
90,소비자원,,,,
91,시중,,,,
90,판매,,,,
93,호주,,,,
94,따라,,,,
95,조사,,,,
96,결과,,,,
97,모두,,,,
99,불꽃,,,,
300,보이지,,,,
300,특성,,,,
303,있습니다,,,,
304,사용자,,,,
305,이천,,,,
306,대비,,,,
307,능력,,,,
308,인성,,,,
309,아예,,,,
311,판명,,,,
310,되었다,,,,
313,소리,,,,
314,하지,,,,
315,나면,,,,
316,했지,,,,
317,가지,,,,
318,가겠단,,,,
319,했다,,,,
300,그래,,,,
301,우리,,,,
300,나고,,,,
304,날때,,,,
305,장난,,,,
306,하자는,,,,
307,아니고,,,,
309,하니까,,,,
331,업무,,,,
333,해놓고,,,,
334,볶에,,,,
335,처묵처묵,,,,
336,됐으면,,,,
337,그랬다고,,,,
338,이러고,,,,
339,있었던,,,,
341,잦은,,,,
340,태풍,,,,
343,겪는,,,,
344,부산,,,,
345,장마,,,,
346,끝나고나,,,,
347,내리고,,,,
348,나서부터,,,,
349,바퀴,,,,
350,출몰,,,,
351,심해져요,,,,
350,하수,,,,
353,튀면,,,,
354,바로,,,,
355,씻어,,,,
356,야해요,,,,
357,바퀴벌레,,,,
358,천국,,,,
359,겨울,,,,
360,사는데요,,,,
360,저희,,,,
363,건물,,,,
365,되는,,,,
366,바람,,,,
367,천장,,,,
369,포장재,,,,
370,재료,,,,
371,잠겼네요,,,,
370,당분간,,,,
373,발송,,,,
374,어찌,,,,
375,될지는,,,,
376,내일,,,,
377,아침,,,,
378,다시,,,,
379,한번,,,,
380,확인,,,,
381,자세한,,,,
380,어머니,,,,
383,사시는데,,,,
384,출근길,,,,
385,나서,,,,
386,돌아보니,,,,
387,나무,,,,
389,대요,,,,
390,산사태,,,,
390,가져주세요,,,,
393,특보,,,,
395,강남,,,,
396,삼성,,,,
397,샌다고,,,,
398,보도,,,,
399,하더니,,,,
400,대기업,,,,
401,오피스,,,,
400,이름,,,,
404,전화,,,,
405,온듯,,,,
406,아니,,,,
407,뉴스특보,,,,
408,제보,,,,
409,받은,,,,
410,영상,,,,
411,보여주는게,,,,
410,맞아,,,,
413,이건,,,,
414,재미,,,,
415,아님,,,,
416,지도,,,,
417,표시,,,,
418,해주고,,,,
419,예보,,,,
400,알려주고,,,,
401,황시,,,,
400,어케,,,,
403,해야하는지,,,,
404,대피,,,,
405,요령,,,,
406,챙겨,,,,
407,야하는거나,,,,
408,그런거,,,,
409,반복,,,,
430,해서,,,,
431,알려줘,,,,
430,야하는거,,,,
433,아닌가,,,,
434,봤으면,,,,
435,돌렸어야지,,,,
436,소주,,,,
437,한잔,,,,
438,정신,,,,
439,놨었,,,,
440,어제,,,,
441,집중호우,,,,
440,여파,,,,
443,강남역,,,,
444,발생,,,,
445,일대,,,,
446,선생,,,,
448,했습니다,,,,
449,마이,,,,
450,케이팝,,,,
451,캘린더,,,,
450,퍼플,,,,
453,키스,,,,
454,개인,,,,
456,멤버,,,,
457,모든,,,,
461,해변,,,,
460,가를,,,,
465,여성,,,,
466,시선,,,,
468,됐던,,,,
469,지하철역,,,,
470,거의,,,,
470,됐다니,,,,
473,밤새,,,,
474,얼마나,,,,
476,애써주신,,,,
478,일까,,,,
479,이런,,,,
481,패러디,,,,
480,이미지,,,,
483,모아서,,,,
484,바이럴,,,,
485,보는,,,,
487,동료,,,,
488,시민,,,,
489,반지하,,,,
491,터전,,,,
493,차량,,,,
494,되는데,,,,
495,어떤,,,,
496,소로,,,,
497,거리,,,,
498,찾고,,,,
500,보다,,,,
501,보니,,,,
503,지방,,,,
505,자막,,,,
506,덜렁,,,,
507,나오고,,,,
508,이었어서,,,,
509,남부,,,,
510,있는지도,,,,
511,몰랐던,,,,
510,적도,,,,
513,있는데,,,,
514,동네,,,,
515,비오니까,,,,
516,방송,,,,
517,끊고,,,,
518,트위터,,,,
519,알맞는,,,,
500,맨홀,,,,
501,뚜껑,,,,
503,가까이,,,,
504,있지,,,,
505,잡거나,,,,
506,짚으면서,,,,
507,걸어야지,,,,
508,그러면,,,,
509,날아간,,,,
531,물살,,,,
530,쓸려가,,,,
535,실시간,,,,
537,등장,,,,
538,아저씨,,,,
539,배수관,,,,
540,쌓여있는,,,,
540,맨손,,,,
543,건져,,,,
544,종아리,,,,
545,차올랐던,,,,
546,금방,,,,
547,내려감,,,,
549,고현,,,,
550,찾아가,,,,
551,구겨,,,,
550,앉아가며,,,,
553,구경,,,,
554,하다가,,,,
555,아파트,,,,
556,언덕,,,,
557,있는데도,,,,
558,잠겼,,,,
559,누구,,,,
560,물어보지,,,,
561,자신,,,,
560,봤지만,,,,
563,일도,,,,
564,아니니까,,,,
565,그것,,,,
566,이제야,,,,
568,돌릴,,,,
569,풀어,,,,
570,지하철,,,,
571,버스,,,,
570,차도,,,,
573,막힘,,,,
574,도로,,,,
575,막판,,,,
576,수영,,,,
577,푼다,,,,
578,이제,,,,
579,정전,,,,
580,곁들인,,,,
580,아기,,,,
583,키우는,,,,
584,친구,,,,
586,되면,,,,
587,산소호흡,,,,
588,기를,,,,
590,있다,,,,
591,외래,,,,
590,진료,,,,
593,호출,,,,
594,장애인,,,,
595,택시,,,,
596,배차,,,,
597,걸렸고,,,,
598,목금,,,,
599,재활,,,,
600,알티,,,,
601,타네,,,,
600,고급,,,,
603,입었는데,,,,
605,얘기,,,,
606,나오는,,,,
608,해봐도,,,,
609,알잖아요,,,,
610,지하,,,,
611,사는,,,,
610,시장,,,,
613,장사,,,,
615,입니다,,,,
616,덧붙이자면,,,,
617,경험,,,,
618,운전,,,,
619,물밑,,,,
600,안보,,,,
601,여요,,,,
600,그냥,,,,
603,피하,,,,
604,제일,,,,
606,거기,,,,
607,자작하게,,,,
608,물이,,,,
609,고인,,,,
630,건지,,,,
634,여러분,,,,
635,그거,,,,
636,아시나요,,,,
637,실트,,,,
638,오늘,,,,
639,내린,,,,
640,비는,,,,
641,모레,,,,
640,내릴,,,,
643,예고편,,,,
644,랍니,,,,
645,참고,,,,
646,러브,,,,
647,다이브,,,,
648,하러가겠음,,,,
649,시계,,,,
650,방향,,,,
651,왔는데,,,,
650,대중교통,,,,
655,인력,,,,
656,간밤,,,,
658,게다가,,,,
659,청소,,,,
660,여자,,,,
661,하시잖아,,,,
663,구간,,,,
664,출퇴근,,,,
665,하지만,,,,
666,마음,,,,
668,찾은,,,,
669,오세훈,,,,
670,서울시장,,,,
671,출처,,,,
670,네이버,,,,
673,카메라,,,,
674,의식,,,,
675,호선,,,,
676,운영,,,,
677,정상화,,,,
678,반면,,,,
679,민간,,,,
680,일부,,,,
681,상당수,,,,
680,민영화,,,,
683,결론,,,,
684,계십니다,,,,
685,최대,,,,
686,수리,,,,
687,호텔,,,,
688,잡아,,,,
689,지낼,,,,
690,있고,,,,
691,쓰게,,,,
690,소지품,,,,
693,새로,,,,
694,여유,,,,
695,당장,,,,
696,곳도,,,,
697,마련,,,,
698,주지,,,,
699,않으면,,,,
700,생필,,,,
701,품도,,,,
700,한두,,,,
703,부담,,,,
704,뉴욕,,,,
706,경보,,,,
707,예상,,,,
708,된다고,,,,
709,병원,,,,
710,어려운,,,,
711,직원,,,,
710,빌려,,,,
713,숙식,,,,
714,제공,,,,
715,했고,,,,
716,날씨,,,,
717,와줘서,,,,
719,매점,,,,
700,이용권,,,,
701,자체,,,,
700,싸서,,,,
703,벌써,,,,
704,아래쪽,,,,
705,되더라,,,,
706,대본,,,,
707,하셔야지,,,,
708,기어,,,,
709,들어가세요,,,,
731,자긴,,,,
730,지대,,,,
733,비싼,,,,
734,산다,,,,
736,하는데,,,,
737,서울시,,,,
738,최초,,,,
739,터널,,,,
740,빗물,,,,
741,시설,,,,
740,신월,,,,
743,국내,,,,
744,수준,,,,
745,배수,,,,
746,저장,,,,
747,통해,,,,
749,고질,,,,
750,신월동,,,,
751,현석,,,,
750,오랜,,,,
753,만이,,,,
754,수고,,,,
755,하셨,,,,
756,스미스,,,,
757,오락가락,,,,
760,발언,,,,
760,일보,,,,
763,게임,,,,
764,가디언,,,,
765,테일즈,,,,
766,개발,,,,
767,스튜디오,,,,
768,사무실,,,,
769,입어,,,,
770,예정,,,,
771,되었던,,,,
770,업데이트,,,,
773,무기한,,,,
774,연기,,,,
775,되었다는,,,,
776,소식,,,,
778,많으시고,,,,
781,넘길,,,,
783,아니라,,,,
784,모자랄,,,,
785,진행중,,,,
786,남아,,,,
787,해야만,,,,
788,환경,,,,
789,비정상,,,,
790,대해,,,,
791,해봐야,,,,
790,같음,,,,
793,봤으면서,,,,
794,그대로,,,,
795,했다고,,,,
796,구건,,,,
797,입니다만,,,,
798,택배,,,,
799,수령,,,,
800,주시,,,,
803,미루겠습니다,,,,
804,다만,,,,
805,짱짱해,,,,
806,판별,,,,
808,받으시길,,,,
810,시기,,,,
811,주셔,,,,
810,야합니다,,,,
813,퇴근길,,,,
814,보면서도,,,,
816,주변,,,,
817,한다는,,,,
818,해야지,,,,
819,무슨,,,,
800,얼뜨기,,,,
801,있냐,,,,
800,청와대,,,,
803,놔두고,,,,
804,유족,,,,
805,국민,,,,
806,지킨다고,,,,
807,홍포,,,,
808,포스터,,,,
809,만든거,,,,
831,패인,,,,
830,장애,,,,
833,가족,,,,
834,참변,,,,
835,미리,,,,
836,됐느냐,,,,
837,질문,,,,
839,박근혜,,,,
840,구명조끼,,,,
841,떠올랐음,,,,
840,사계절,,,,
843,아름다운,,,,
844,나라,,,,
845,아니다,,,,
846,동시,,,,
847,뜨는,,,,
849,아크,,,,
850,비스타,,,,
851,엘리베이터,,,,
853,중부,,,,
854,인하여,,,,
855,이수역,,,,
856,도림천,,,,
858,속출,,,,
861,귀가,,,,
860,하세요,,,,
863,아주,,,,
866,와중,,,,
868,되셨다고,,,,
869,후속,,,,
871,로되,,,,
873,세번,,,,
876,하셨습니다,,,,
877,의원님,,,,
880,더불어,,,,
881,남동구,,,,
880,의회,,,,
883,이철상,,,,
884,모르겠다하시네요,,,,
885,상가,,,,
886,직접,,,,
887,오셔서,,,,
888,의견,,,,
889,물어보시고,,,,
890,서서,,,,
891,둘러보시고,,,,
890,펌프,,,,
893,금전,,,,
894,본거,,,,
895,어젯밤,,,,
896,관악구,,,,
897,세가족,,,,
899,훈시,,,,
900,갔는데,,,,
901,주민,,,,
903,하자,,,,
906,해주는,,,,
907,대신,,,,
908,설명,,,,
909,주세요,,,,
910,하고,,,,
911,돌리고,,,,
910,가는,,,,
913,모습,,,,
914,서초,,,,
916,불공정,,,,
917,이야기,,,,
918,나오냐며,,,,
919,같지도,,,,
900,않던,,,,
901,생각나서,,,,
900,더욱,,,,
903,화가,,,,
904,항상,,,,
905,진행,,,,
906,불어,,,,
907,감당,,,,
908,긴급한,,,,
909,방류,,,,
930,시행,,,,
931,옥상,,,,
930,처방,,,,
933,예고,,,,
934,이어지는,,,,
936,시정,,,,
937,작태,,,,
938,분개,,,,
940,이자,,,,
941,사회,,,,
940,약자,,,,
943,별안간,,,,
944,수재,,,,
945,돌아가신,,,,
946,됐다,,,,
947,멘트,,,,
948,리더,,,,
949,도대체,,,,
950,회로,,,,
951,장착,,,,
950,걸까,,,,
953,나름,,,,
955,표현,,,,
956,하려는,,,,
958,허한,,,,
959,말로,,,,
960,꾸려던,,,,
961,무엇,,,,
960,웅덩이,,,,
964,불가피한,,,,
965,경우,,,,
966,시속,,,,
967,서행,,,,
968,범퍼,,,,
969,높이,,,,
970,놓고,,,,
971,지나가야,,,,
970,도중,,,,
973,바꾸거나,,,,
974,됐나,,,,
975,입었다고,,,,
976,발견,,,,
977,하기,,,,
979,데쟈뷰,,,,
980,있었다,,,,
983,속보,,,,
984,도봉구,,,,
985,종로구,,,,
986,주의보,,,,
987,발령,,,,
988,마당,,,,
989,도서관,,,,
990,국립,,,,
991,중앙,,,,
990,있으니까,,,,
993,종이,,,,
994,아깝다,,,,
995,였는데,,,,
996,패턴,,,,
998,형태,,,,
999,최근,,,,
1000,수년,,,,
1001,사이,,,,
1000,과거,,,,
1003,달라졌다,,,,
1004,온난화,,,,
1005,수증,,,,
1006,기량,,,,
1007,늘어나고,,,,
1008,해수면,,,,
1009,온도,,,,
1010,상승,,,,
1011,사실,,,,
1010,이라면서,,,,
1013,기후변화,,,,
1015,자택,,,,
1016,돼서,,,,
1017,움직,,,,
1018,받으신,,,,
1019,대통령실,,,,
1000,언론사,,,,
1001,통화,,,,
1000,했데,,,,
1004,그러니깐,,,,
1006,하려고,,,,
1007,쓰는,,,,
1009,그런줄,,,,
1030,알어,,,,
1031,군위,,,,
1030,서초동,,,,
1033,였다,,,,
1034,포털,,,,
1035,검색,,,,
1036,별로,,,,
1037,자세히,,,,
1038,보기,,,,
1039,누르면,,,,
1040,시각,,,,
1041,있어서,,,,
1040,편리해요,,,,
1043,얼른,,,,
1044,사태,,,,
1045,끝나길,,,,
1046,깅들,,,,
1047,궁금해서,,,,
1048,강원,,,,
1049,들어가,,,,
1050,봤다,,,,
1051,영월,,,,
1050,평창,,,,
1054,말려,,,,
1056,있었고,,,,
1057,주택,,,,
1058,농경지,,,,
1059,골프장,,,,
1060,이유,,,,
1063,휴가,,,,
1064,지지도,,,,
1065,제네시스,,,,
1066,신형,,,,
1067,됏다,,,,
1068,믿어지지,,,,
1070,천만원,,,,
1071,증발,,,,
1070,차주,,,,
1073,엇어,,,,
1074,최대한,,,,
1075,순간,,,,
1076,타야,,,,
1077,비록,,,,
1078,보닛,,,,
1079,재작년,,,,
1080,왔었는데,,,,
1081,언제,,,,
1080,왔었냐,,,,
1083,는듯,,,,
1085,화제,,,,
1086,였었다,,,,
1087,오는,,,,
1088,누군가,,,,
1090,해야하고,,,,
1091,해야한,,,,
1090,긴급,,,,
1093,당부,,,,
1094,첫째,,,,
1095,빠른,,,,
1096,시일,,,,
1098,빈발,,,,
1099,대한,,,,
1100,현황,,,,
1101,파악,,,,
1100,둘째,,,,
1103,서는,,,,
1104,절차,,,,
1106,최소,,,,
1107,화해서,,,,
1108,나설,,,,
1109,셋째,,,,
1110,자원,,,,
1111,훈녀,,,,
1110,생정,,,,
1113,탈출,,,,
1114,목숨,,,,
1115,보존,,,,
1116,유리창,,,,
1117,깨는,,,,
1119,스킬,,,,
1100,있어,,,,
1101,긴급히,,,,
1100,중랑천,,,,
1103,인근,,,,
1104,살피,,,,
1105,살곶,,,,
1106,운동장,,,,
1107,전면,,,,
1109,합니다,,,,
1130,구민,,,,
1131,낮은,,,,
1130,통행,,,,
1134,알림,,,,
1135,된거,,,,
1137,찍어,,,,
1138,이동,,,,
1141,세상,,,,
1140,멀쩡합니다,,,,
1143,아무,,,,
1144,출입,,,,
1145,중임,,,,
1146,기사,,,,
1147,똑바로,,,,
1148,써라,,,,
1149,나갈,,,,
1151,귀찮아서,,,,
1150,거임,,,,
1153,애초,,,,
1155,호우,,,,
1157,절대,,,,
1158,화요일,,,,
1159,대가,,,,
1160,넘는,,,,
1161,됐고,,,,
1163,오토,,,,
1164,낮추는,,,,
1165,수동,,,,
1166,모드,,,,
1167,참조,,,,
1168,타래,,,,
1169,인용,,,,
1170,둡니다,,,,
1171,어르신,,,,
1170,트윗,,,,
1173,활용,,,,
1175,중단,,,,
1176,문자,,,,
1177,보내주십시요,,,,
1178,돌아오는길,,,,
1179,무작정,,,,
1180,여기저기,,,,
1181,물어봐가면서,,,,
1180,타시는데,,,,
1184,맞는거,,,,
1185,났어,,,,
1186,잠겼어,,,,
1187,재택근무,,,,
1188,나머지,,,,
1189,노동자,,,,
1190,치우고,,,,
1191,심지어,,,,
1193,운행,,,,
1194,가능하게,,,,
1195,했어,,,,
1196,이지영,,,,
1197,중학생,,,,
1198,요점,,,,
1199,노트,,,,
1200,젖어서,,,,
1202,갔다는,,,,
1203,생각남,,,,
1204,저상버스,,,,
1205,마세요,,,,
1206,그래도,,,,
1207,보장,,,,
1208,돼있는,,,,
1209,동권,,,,
1211,설치,,,,
1214,했단다,,,,
1215,그럼,,,,
1216,기록,,,,
1217,있겠네,,,,
1218,그치,,,,
1219,전부,,,,
1220,남겨야,,,,
1221,맞지,,,,
1222,보자,,,,
1223,내용,,,,
1224,유독,,,,
1225,동물,,,,
1226,보이네요,,,,
1227,하셨을,,,,
1228,다산,,,,
1229,콜센터,,,,
1230,해주세요,,,,
1231,지역번호,,,,
1232,조기,,,,
1233,고양이,,,,
1234,천둥,,,,
1235,번개,,,,
1236,지형,,,,
1237,높아서,,,,
1238,오고,,,,
1241,기호일보,,,,
1242,만평,,,,
1244,있다던데,,,,
1245,조그만,,,,
1246,모양,,,,
1247,아까,,,,
1249,나오는데,,,,
1250,창빈,,,,
1251,줏대,,,,
1252,있게,,,,
1253,걸어가,,,,
1254,나를,,,,
1255,봐서,,,,
1256,걸어옴,,,,
1257,주가,,,,
1258,주차장,,,,
1259,잠겨,,,,
1260,거액,,,,
1261,보상금,,,,
1262,지불,,,,
1263,했다는,,,,
1264,인터넷,,,,
1265,풍문,,,,
1267,처음,,,,
1268,지었을,,,,
1269,아까부터,,,,
1270,틀어눟,,,,
1272,예전,,,,
1273,화면,,,,
1274,하단,,,,
1275,발표,,,,
1276,집계,,,,
1277,정보,,,,
1278,떴었지,,,,
1279,나옴,,,,
1280,가방,,,,
1281,블투,,,,
1282,이어폰,,,,
1283,넣을,,,,
1284,지퍼,,,,
1285,이케아,,,,
1286,넣어,,,,
1287,두는,,,,
1288,옛날,,,,
1289,엄청난,,,,
1290,아이폰,,,,
1291,넣고,,,,
1292,배움,,,,
1293,가끔,,,,
1294,얇은,,,,
1295,손수건,,,,
1296,넣더라,,,,
1297,습기,,,,
1298,보구,,,,
1299,중간,,,,
1301,다습한,,,,
1302,어가,,,,
1303,바질,,,,
1304,전멸,,,,
1305,고무나무,,,,
1306,아보카도,,,,
1307,생생하네,,,,
1308,괜찮으신,,,,
1309,가요,,,,
1310,여긴,,,,
1312,가뭄,,,,
1313,시달리는데,,,,
1315,즐퇴,,,,
1317,아랫,,,,
1319,하루,,,,
1320,되시길,,,,
1321,바랍니다,,,,
1323,되셔요,,,,
1324,방울,,,,
1325,열흘,,,,
1326,열대야,,,,
1327,지속,,,,
1328,더쇼,,,,
1329,필요,,,,
1330,캡틴,,,,
1331,강쥐,,,,
1333,비주,,,,
1334,카리스마,,,,
1335,감격,,,,
1336,흐르는,,,,
1337,눈물,,,,
1338,왼쪽,,,,
1339,케리,,,,
1340,안더,,,,
1341,오른쪽,,,,
1342,더쇼밤,,,,
1343,축제,,,,
1344,열리거든요,,,,
1345,무더운,,,,
1346,물놀이,,,,
1347,하게,,,,
1348,해주,,,,
1349,우린,,,,
1351,진정,,,,
1352,자주,,,,
1353,써주고,,,,
1354,읽어줘,,,,
1355,야하는,,,,
1356,유럽,,,,
1357,연일,,,,
1358,나오지만,,,,
1359,생사,,,,
1360,오가는,,,,
1361,써주는가,,,,
1362,알려,,,,
1363,드리겠습니다,,,,
1364,물류,,,,
1365,센터,,,,
1366,결근,,,,
1367,조퇴,,,,
1368,계약,,,,
1369,개조,,,,
1370,사람인,,,,
1371,지라,,,,
1372,견딜,,,,
1374,그날,,,,
1375,일당,,,,
1376,비롯,,,,
1377,주휴수당,,,,
1378,연차,,,,
1379,날아가,,,,
1380,수입,,,,
1383,수능,,,,
1384,실감,,,,
1385,납니다,,,,
1386,열공,,,,
1389,박씨,,,,
1390,보이는구나,,,,
1391,엇다,,,,
1392,더워서,,,,
1393,넘어가,,,,
1395,과연,,,,
1396,보가,,,,
1397,맞댜,,,,
1398,더워,,,,
1399,한창,,,,
1400,심죠,,,,
1401,새오,,,,
1402,오늘이,,,,
1403,심하게,,,,
1404,온다고,,,,
1405,그러니,,,,
1407,야근,,,,
1408,하시는,,,,
1409,조심하시길,,,,
1410,이니,,,,
1411,저녁,,,,
1412,지구,,,,
1414,단순한,,,,
1415,사건,,,,
1416,전조,,,,
1417,하나,,,,
1418,기상이변,,,,
1419,있는게,,,,
1420,시베리아,,,,
1421,섭씨,,,,
1422,넘어가고,,,,
1423,일본,,,,
1424,시뻘겋게,,,,
1425,끓었다,,,,
1426,나사,,,,
1427,공개,,,,
1428,붉은,,,,
1429,웃도는,,,,
1431,노멀,,,,
1432,관측,,,,
1433,스페인,,,,
1434,직장인,,,,
1435,넥타이,,,,
1436,착용,,,,
1437,자제,,,,
1438,권고,,,,
1439,영국,,,,
1440,정원,,,,
1441,호스,,,,
1442,사용,,,,
1443,핫함,,,,
1444,넘어서는,,,,
1445,뜨거운,,,,
1446,열기,,,,
1447,승리,,,,
1448,피치스,,,,
1449,뷰잉,,,,
1450,파티,,,,
1451,젖고,,,,
1452,뒤집히고,,,,
1453,뽑히고,,,,
1454,득실,,,,
1455,종합,,,,
1456,활실,,,,
1457,대책,,,,
1458,상태,,,,
1459,대한민국,,,,
1460,갈라졌,,,,
1461,노씨,,,,
1462,매미,,,,
1463,울어요,,,,
1464,이었다가,,,,
1465,내렸다가,,,,
1466,그지같음,,,,
1467,아니지만,,,,
1468,차서,,,,
1469,그렸어용,,,,
1470,오던데,,,,
1474,그림,,,,
1475,그림러,,,,
1476,벚꽃,,,,
1477,상시,,,,
1478,커미션,,,,
1479,대구,,,,
1480,하늘,,,,
1481,뚫린,,,,
1482,믿기지가,,,,
1484,아마존,,,,
1485,개장,,,,
1486,랜드,,,,
1487,바라요,,,,
1488,드라마,,,,
1489,인스타그램,,,,
1490,크랭크,,,,
1491,한여름,,,,
1492,갑작스러운,,,,
1493,종료,,,,
1494,서지수,,,,
1495,러블,,,,
1496,리즈,,,,
1497,걸렸던,,,,
1498,줄줄이,,,,
1499,걸리고있어,,,,
1500,손소독,,,,
1501,마스크,,,,
1502,하세여,,,,
1503,양산,,,,
1505,외출,,,,
1506,하실,,,,
1507,추천,,,,
1508,드립니다,,,,
1510,오면,,,,
1511,내림,,,,
1512,햇빛,,,,
1513,있음,,,,
1514,농작물,,,,
1515,말라,,,,
1517,곤충,,,,
1518,오전,,,,
1519,왔던,,,,
1521,아스팔트,,,,
1522,쫓아낸,,,,
1523,파리,,,,
1524,바게뜨,,,,
1525,평생,,,,
1527,여태,,,,
1528,수업,,,,
1529,준비,,,,
1530,한다고,,,,
1531,앉아서,,,,
1532,서야,,,,
1533,카톡,,,,
1534,놀래서,,,,
1535,재림,,,,
1536,나발,,,,
1539,터친,,,,
1541,며칠,,,,
1542,발효,,,,
1543,호우경보,,,,
1544,와야지,,,,
1545,가는데에,,,,
1546,뜨고,,,,
1547,푸석푸석하니까,,,,
1548,기운,,,,
1549,줘도,,,,
1550,따서,,,,
1551,먹어도,,,,
1552,쓴거만,,,,
1553,쓰더라구요,,,,
1554,니야,,,,
1555,사망자,,,,
1556,나왔다는데,,,,
1557,수도권,,,,
1558,이면,,,,
1559,제발,,,,
1560,서로,,,,
1562,나가있지말고,,,,
1564,자연재해,,,,
1565,잇죠,,,,
1566,아니네요,,,,
1569,하미,,,,
1570,기여,,,,
1571,우어,,,,
1572,휴닝,,,,
1573,카이,,,,
1574,미세먼지,,,,
1575,외치는,,,,
1576,최수빈,,,,
1577,귀마개,,,,
1578,촉감,,,,
1579,영화,,,,
1580,기생충,,,,
1581,송강호,,,,
1582,조여정,,,,
1584,있거든요,,,,
1585,받았는데,,,,
1586,선선,,,,
1588,데님,,,,
1589,운동,,,,
1591,중구,,,,
1593,해외,,,,
1594,종로,,,,
1596,그룹,,,,
1597,횡성,,,,
1598,소개팅,,,,
1599,거울,,,,
1600,블루스,,,,
1601,포카,,,,
1602,왔음,,,,
1603,낀게,,,,
1605,얼굴,,,,
1607,저만,,,,
1608,먹읗게,,,,
1609,불러주세요,,,,
1610,필터,,,,
1611,없애줘,,,,
1612,공지,,,,
1613,색감,,,,
1615,실물,,,,
1616,조명,,,,
1617,진해,,,,
1618,보이는거구,,,,
1619,추억,,,,
1620,건가,,,,
1621,장난꾸러기,,,,
1622,황금돼지,,,,
1623,다이어트,,,,
1624,동초,,,,
1625,광고,,,,
1626,제작,,,,
1627,엄마,,,,
1628,간만,,,,
1629,업뎃,,,,
1630,볼수록,,,,
1633,도초도,,,,
1634,강릉,,,,
1635,아이,,,,
1636,반찬,,,,
1637,차단,,,,
1638,카페,,,,
1639,탐험대,,,,
1640,케이시,,,,
1641,국가,,,,
1642,관저,,,,
1643,숨어있던,,,,
1644,내림에도,,,,
1645,정시,,,,
1646,즈음,,,,
1647,헐레벌떡,,,,
1648,돌아왔던,,,,
1649,대응,,,,
1650,미숙,,,,
1651,아니었다면,,,,
1652,살릴수도,,,,
1655,사네,,,,
1656,대체,,,,
1657,달아야,,,,
1658,일일,,,,
1659,강조,,,,
1660,돌아봐도,,,,
1661,능가,,,,
1662,매우,,,,
1663,많다고,,,,
1664,위기,,,,
1665,경계,,,,
1666,상향,,,,
1667,이례,,,,
1668,인천,,,,
1669,주의,,,,
1670,되었습니다,,,,
1672,되었을,,,,
1673,구조,,,,
1674,요청,,,,
1675,산림,,,,
1676,항공,,,,
1677,구조대,,,,
1678,되서,,,,
1679,나오질,,,,
1680,부르려다가,,,,
1682,솔직히,,,,
1683,의지,,,,
1684,있었어도,,,,
1685,가능했었음,,,,
1686,일전,,,,
1687,됐었는데,,,,
1688,칼퇴,,,,
1689,해가지고,,,,
1690,나온거,,,,
1691,입으신,,,,
1692,가구,,,,
1693,근처,,,,
1694,건강,,,,
1695,정지원,,,,
1696,상담,,,,
1697,받아,,,,
1698,보세요,,,,
1699,보유,,,,
1700,단체,,,,
1701,받거나,,,,
1702,사례,,,,
1703,관리,,,,
1704,선포,,,,
1705,아이돌,,,,
1706,로켓,,,,
1707,배송,,,,
1708,근황,,,,
1709,빼고,,,,
1710,지역구,,,,
1711,포함,,,,
1712,온통,,,,
1715,올렸다가,,,,
1716,삭제,,,,
1717,올린,,,,
1718,길위,,,,
1719,레일,,,,
1721,아잔,,,,
1722,소재,,,,
1723,말장난,,,,
1724,치는,,,,
1726,넘치는,,,,
1727,워터파크,,,,
1728,건져내니,,,,
1729,빠졌다는데,,,,
1730,대단하신것과,,,,
1731,별개,,,,
1732,진작,,,,
1733,했는데,,,,
1734,전혀,,,,
1735,됐다는게,,,,
1737,아빠,,,,
1738,도착,,,,
1739,걸려서,,,,
1740,그리고,,,,
1741,내내,,,,
1743,매년,,,,
1744,기타,,,,
1745,등등,,,,
1746,있을,,,,
1747,되어,,,,
1748,봐야,,,,
1749,하러,,,,
1750,오지,,,,
1752,경찰,,,,
1753,잡으러,,,,
1754,이전,,,,
1755,사뭇,,,,
1756,다르다는,,,,
1757,이해해,,,,
1758,아웃,,,,
1759,라이어,,,,
1760,일상,,,,
1761,만들,,,,
1762,분명하고,,,,
1763,본적,,,,
1764,가져오,,,,
1765,트친,,,,
1767,온다니,,,,
1769,합시다,,,,
1770,플로리,,,,
1773,만나,,,,
1774,어마어마한,,,,
1775,한가롭게,,,,
1776,런던아이,,,,
1777,대관람차,,,,
1778,세우겠다는,,,,
1780,박원순,,,,
1781,했었고,,,,
1783,잠깁니다,,,,
1784,잠기,,,,
1786,행안부,,,,
1787,장관,,,,
1788,서방,,,,
1789,닫아야겠,,,,
1790,어차피,,,,
1791,온라인,,,,
1792,있구,,,,
1793,확실히,,,,
1794,열고,,,,
1795,쌓여있던,,,,
1796,내자,,,,
1797,허벅지,,,,
1798,빠졌다고,,,,
1799,영웅,,,,
1800,활약,,,,
1801,하기에,,,,
1802,앞서,,,,
1803,일주일,,,,
1804,됐음에도,,,,
1805,기본,,,,
1806,안녕하십니까,,,,
1807,본래,,,,
1808,모나코,,,,
1809,스페이스,,,,
1810,개최,,,,
1811,이었던,,,,
1812,행사,,,,
1813,쉐어,,,,
1814,변경,,,,
1815,결정,,,,
1816,하냐,,,,
1817,왔습니다,,,,
1818,이었습니다,,,,
1819,짱짱,,,,
1820,선언,,,,
1821,아니잖아요,,,,
1822,결코,,,,
1823,공평하지,,,,
1824,않습니다,,,,
1825,최소한,,,,
1826,되어주는,,,,
1827,그러나,,,,
1828,기능,,,,
1829,상실,,,,
1830,포기,,,,
1831,했을,,,,
1832,심각한데,,,,
1833,쓰나미,,,,
1834,일어났을,,,,
1835,자연,,,,
1836,구급,,,,
1837,약품,,,,
1838,손전등,,,,
1839,비상식량,,,,
1840,라디오,,,,
1841,핸드폰,,,,
1842,충전기,,,,
1843,휴대,,,,
1844,버너,,,,
1845,담요,,,,
1846,용품,,,,
1847,점검,,,,
1848,하기에요,,,,
1849,관련,,,,
1850,일이,,,,
1851,내려,,,,
1852,농촌,,,,
1853,내리면,,,,
1854,취약,,,,
1855,도시,,,,
1856,홍수,,,,
1857,일어난다는게,,,,
1858,괴담,,,,
1859,누가,,,,
1860,싱크홀,,,,
1861,지하방,,,,
1862,갑자기,,,,
1863,차오르기,,,,
1864,옆집,,,,
1865,살던,,,,
1866,필사,,,,
1867,창문,,,,
1868,뜯어서,,,,
1869,구출,,,,
1870,하려,,,,
1871,했지만,,,,
1872,수가,,,,
1874,동공,,,,
1875,노원구,,,,
1876,상계,,,,
1877,토양,,,,
1878,함수,,,,
1879,내려집니다,,,,
1880,도의,,,,
1881,내렸습니다,,,,
1882,기울어져,,,,
1883,있거나,,,,
1884,비탈,,,,
1885,무료,,,,
1886,취소,,,,
1887,시켜줘야,,,,
1889,제작사,,,,
1890,때리고,,,,
1891,역은,,,,
1892,난리,,,,
1893,받으며,,,,
1894,지켜보면서,,,,
1896,크게,,,,
1897,차이,,,,
1898,뻔했어,,,,
1899,눈앞,,,,
1900,앞앞,,,,
1901,깔렸음,,,,
1902,맞냐고,,,,
1903,떴는데,,,,
1904,안함,,,,
1905,배민,,,,
1906,아니면서,,,,
1907,세종,,,,
1908,황실,,,,
1909,쓰니까,,,,
1910,차가,,,,
1911,서있고,,,,
1912,돌이,,,,
1913,역사,,,,
1914,천정,,,,
1915,우면산,,,,
1916,광화문,,,,
1917,났었다,,,,
1918,가천대,,,,
1919,기숙사,,,,
1920,났나,,,,
1921,빨라요,,,,
1922,빨랐어요,,,,
1923,전화통화,,,,
1925,되었었고,,,,
1926,끼리,,,,
1927,공유,,,,
1928,필요합니다,,,,
1929,들어,,,,
1930,어디,,,,
1931,됩니까,,,,
1932,전체,,,,
1934,미추홀,,,,
1935,내렸고,,,,
1936,오후,,,,
1937,건의,,,,
1938,접수,,,,
1939,내려졌습니다,,,,
1940,밤사,,,,
1941,중계동,,,,
1942,현재상황,,,,
1943,몰랐음,,,,
1944,개오지,,,,
1945,저수지,,,,
1946,거즘,,,,
1947,바닥,,,,
1948,보임,,,,
1949,종일,,,,
1950,들으니까,,,,
1952,부상,,,,
1954,묻자,,,,
1955,서해,,,,
1956,피살,,,,
1957,무대,,,,
1958,처가,,,,
1959,워낙,,,,
1960,커서,,,,
1961,안녕,,,,
1962,묻기,,,,
1964,이어지는데,,,,
1965,부디,,,,
1966,없기를,,,,
1967,악몽,,,,
1968,떠오릅니다,,,,
1970,조만간,,,,
1971,가겠군,,,,
1972,있으면,,,,
1974,있었는데,,,,
1976,경주,,,,
1977,지진나서,,,,
1979,나랏님,,,,
1981,가는건,,,,
1982,파란색,,,,
1983,겪은,,,,
1984,라이트,,,,
1985,봉지,,,,
1986,씌우면,,,,
1987,밝아집니다,,,,
1988,구르는,,,,
1989,날수있으니,,,,
1991,매일신문,,,,
1992,당시,,,,
1993,회의,,,,
1994,됐다는데,,,,
1995,제대로,,,,
1996,목격담,,,,
1997,버디,,,,
1998,산책,,,,
1999,딘깅,,,,
2000,호시,,,,
2001,준앤,,,,
2002,앤전,,,,
2004,먹으러,,,,
2005,간듯,,,,
2006,잇군,,,,
2007,추면서,,,,
2008,걸었다,,,,
2009,투명,,,,
2010,카약,,,,
2011,자전거,,,,
2012,릴레이,,,,
2013,홍앤밍,,,,
2014,백화점,,,,
2015,물어,,,,
2016,하고싶었나,,,,
2017,최선,,,,
2018,다해,,,,
2019,잘못,,,,
2021,작은,,,,
2022,꼼꼼히,,,,
2023,챙기고,,,,
2024,해결,,,,
2025,하겠다는,,,,
2026,그런,,,,
2028,국정,,,,
2029,철학,,,,
2030,퍼낼것도,,,,
2031,담당자,,,,
2034,명복,,,,
2035,빕니다,,,,
2036,시점,,,,
2037,인사,,,,
2038,공백,,,,
2039,처리,,,,
2040,하는게,,,,
2041,가장,,,,
2042,세훈,,,,
2043,이형,,,,
2044,있나,,,,
2045,있었으니,,,,
2046,쉴드,,,,
2047,칠거면,,,,
2048,상습,,,,
2049,남한,,,,
2050,산성,,,,
2051,세대,,,,
2052,제외,,,,
2053,된다,,,,
2054,인류,,,,
2055,문명,,,,
2056,상당히,,,,
2057,발전,,,,
2058,강수량,,,,
2059,맥스,,,,
2060,설정,,,,
2061,한다던,,,,
2062,전의,,,,
2063,계획,,,,
2064,노원,,,,
2065,도봉,,,,
2066,매몰,,,,
2068,박형수,,,,
2069,원내,,,,
2070,대변인,,,,
2071,지시,,,,
2072,했느냐는,,,,
2073,곡식,,,,
2074,익지,,,,
2075,허물,,,,
2076,돌려,,,,
2078,마여,,,,
2079,아들,,,,
2080,여섯,,,,
2081,짜리,,,,
2082,의려,,,,
2083,세워,,,,
2084,세웠다,,,,
2085,삼국지,,,,
2086,부여,,,,
2087,시대,,,,
2088,상관,,,,
2089,성남시장,,,,
2090,교환,,,,
2091,참사,,,,
2092,정말,,,,
2094,분할,,,,
2095,곳곳이,,,,
2097,수십,,,,
2098,길이,,,,
2099,잠겨서,,,,
2101,달싹,,,,
2102,거나,,,,
2103,둥둥,,,,
2104,떠내려가고,,,,
2105,빼기,,,,
2106,생겨서,,,,
2107,트럭,,,,
2108,빠짐,,,,
2109,일어남,,,,
2110,논현,,,,
2111,인해,,,,
2112,진흥,,,,
2113,인도,,,,
2114,행인,,,,
2115,감전사,,,,
2116,되자,,,,
2117,집값,,,,
2118,떨어진다고,,,,
2119,민원,,,,
2120,넣는,,,,
2121,있슴,,,,
2122,여전히,,,,
2123,어딘가,,,,
2124,폭탄,,,,
2125,퍼붓는다는,,,,
2126,물의,,,,
2127,총량,,,,
2128,일정하고,,,,
2129,재앙,,,,
2130,연결,,,,
2131,거짓말,,,,
2132,진실되어,,,,
2133,보였어,,,,
2134,표정,,,,
2135,내려진,,,,
2136,가운데,,,,
2137,내리는,,,,
2138,초밥,,,,
2139,깔아놨어,,,,
2140,밀려,,,,
2141,드는,,,,
2143,후란,,,,
2144,받아서,,,,
2146,움쬬움쬬,,,,
2147,해주는데,,,,
2148,허리,,,,
2149,감싸더니,,,,
2150,날리고,,,,
2151,있는거야,,,,
2152,저런말하는지도,,,,
2153,알겠는,,,,
2154,민주,,,,
2155,경고,,,,
2156,분주하게,,,,
2157,움직이면,,,,
2158,별일,,,,
2159,아닌,,,,
2160,피곤하게,,,,
2161,호들갑,,,,
2162,세금,,,,
2163,낭비한다,,,,
2164,반응,,,,
2165,많았음,,,,
2166,성심당,,,,
2167,홈페이지,,,,
2168,깄다,,,,
2169,았았,,,,
2170,는데,,,,
2171,저번,,,,
2172,이었에,,,,
2173,치수,,,,
2174,줄어,,,,
2175,증가,,,,
2176,추세,,,,
2177,감소,,,,
2178,종전,,,,
2179,사전,,,,
2180,했어요,,,,
2181,후관,,,,
2182,순훈,,,,
2183,영뾰,,,,
2184,토끼,,,,
2185,머리,,,,
2186,했더라,,,,
2189,물으니,,,,
2190,기후,,,,
2191,변화,,,,
2192,그런게,,,,
2194,그게,,,,
2195,한국,,,,
2196,되지,,,,
2197,켄터키,,,,
2198,푸딩,,,,
2199,케이크,,,,
2200,선생님,,,,
2201,싸이,,,,
2202,흠뻑쑈한다,,,,
2203,손기락질,,,,
2204,받았잖아,,,,
2205,좌파,,,,
2206,현직,,,,
2207,전직,,,,
2208,이었다면,,,,
2209,제주,,,,
2210,신나게,,,,
2211,중이,,,,
2212,올리는,,,,
2213,욕먹을만,,,,
2214,않냐,,,,
2215,축대,,,,
2216,담장,,,,
2217,파손,,,,
2218,있도록,,,,
2219,기상,,,,
2220,산간,,,,
2221,물가,,,,
2222,감전,,,,
2223,고압,,,,
2224,전선,,,,
2225,해주시고,,,,
2226,춘천,,,,
2227,홍천,,,,
2228,철원,,,,
2229,지자체,,,,
2230,수구,,,,
2231,걸림,,,,
2232,여부,,,,
2233,극한,,,,
2234,더위,,,,
2235,작업,,,,
2236,해야,,,,
2237,않냐구,,,,
2238,상식,,,,
2239,아냐,,,,
2240,타령,,,,
2241,되냐구,,,,
2244,대가리,,,,
2245,라인,,,,
2246,집집,,,,
2247,초인종,,,,
2248,누르고,,,,
2249,급하게,,,,
2250,지갑,,,,
2251,들고,,,,
2252,나왔는데,,,,
2253,엉망,,,,
2254,빠져나올,,,,
2255,가야해,,,,
2256,쳤고,,,,
2257,남성,,,,
2259,과외,,,,
2260,고통,,,,
2261,받았었나,,,,
2262,아니지,,,,
2263,않나,,,,
2264,완전,,,,
2265,반대,,,,
2266,어이,,,,
2267,없을,,,,
2268,불만,,,,
2269,이쯤,,,,
2270,아닌지,,,,
2271,이한창,,,,
2272,흠뻑,,,,
2273,같은걸,,,,
2274,예수님,,,,
2276,댓글,,,,
2277,달리는,,,,
2278,신어,,,,
2279,고민,,,,
2281,마치,,,,
2282,같았다,,,,
2284,아득히,,,,
2285,멀게,,,,
2286,느껴지겠구나,,,,
2287,내려서,,,,
2288,스스로,,,,
2289,비슷하게,,,,
2290,생긴,,,,
2291,험악,,,,
2292,근육,,,,
2293,덮은,,,,
2294,문신,,,,
2295,상탈,,,,
2296,가리키면서,,,,
2298,속닥,,,,
2299,싶다,,,,
2300,맞았나,,,,
2301,산지,,,,
2302,북부,,,,
2303,중심,,,,
2304,강한,,,,
2305,최신,,,,
2306,레이더,,,,
2307,해주시,,,,
2308,윗쪽,,,,
2309,남쪽,,,,
2310,함부로,,,,
2311,옮기는게,,,,
2312,계양,,,,
2313,구청,,,,
2314,계양구,,,,
2315,높음,,,,
2316,우려,,,,
2317,방문객,,,,
2318,입산,,,,
2319,떨어진,,,,
2320,안내,,,,
2321,호랑이,,,,
2322,산신령,,,,
2323,인간,,,,
2324,행세,,,,
2325,한다네요,,,,
2326,자치구,,,,
2327,스쿠,,,,
2328,이타,,,,
2329,메인,,,,
2330,지른,,,,
2331,먹는,,,,
2332,고유,,,,
2333,후시,,,,
2334,소비,,,,
2335,그릴,,,,
2336,그릴지는,,,,
2337,몰라용,,,,
2338,파우치,,,,
2339,만듭니,,,,
2340,숨쉬듯이,,,,
2341,여체화,,,,
2342,하니,,,,
2343,지뢰,,,,
2344,계정,,,,
2345,뮤트,,,,
2346,드립니당,,,,
2347,머릿속,,,,
2348,북풍,,,,
2349,공작,,,,
2350,글자,,,,
2351,들어있는게,,,,
2352,인한,,,,
2353,대권,,,,
2354,떠내려가,,,,
2355,버림,,,,
2356,많아요,,,,
2357,끄트머리,,,,
2358,육아,,,,
2359,경력,,,,
2360,이긴,,,,
2361,무선,,,,
2362,낳은,,,,
2363,부친,,,,
2364,남망기,,,,
2365,가졌을,,,,
2366,낳아만,,,,
2367,주면,,,,
2368,굴더니,,,,
2369,낳고,,,,
2370,자처,,,,
2371,출장,,,,
2372,흐아앙,,,,
2373,이었어요,,,,
2374,통째,,,,
2376,개도,,,,
